2, Abbeville County, 34.18912210000001, -82.4752757
3, Acadia Parish, 30.22973469999999, -92.38136209999999
4, Accomack County, 37.70633229999999, -75.8069082
5, Ada County, 43.478767, -116.2420304
6, Adair County, 35.9127307, -94.645035
7, Adams County, 39.83982690000001, -104.1930918
8, Addison County, 44.1197293, -73.164338
9, Adjuntas, 18.1627363, -66.7221187
10, Aguadilla, 18.4274454, -67.1540698
11, Aibonito, 18.140702, -66.2596811
12, Aiken County, 33.6005783, -81.6035062
13, Aitkin County, 46.61854330000001, -93.45366920000001
14, Alachua County, 29.6579549, -82.3017728
15, Alamance County, 36.0117388, -79.4253776
16, Alameda County, 37.6016892, -121.7195459
17, Alamosa County, 37.654039, -105.876004
18, Albany County, 42.57567969999999, -73.93598209999999
19, Albemarle County, 38.0567092, -78.6114999
20, Alcona County, 44.6727944, -83.60223979999999
21, Alcorn County, 34.8984684, -88.59517509999999
22, Aleutians East Borough, 55.53880059999999, -161.8988535
23, Aleutians West Census Area, 52.3232697, -174.1596071
24, Alexander County, 35.8974199, -81.20781640000001
25, Alexandria City, 38.8048355, -77.0469214
26, Alfalfa County, 36.74359189999999, -98.3964938
27, Alger County, 46.4246176, -86.4904519
28, Allamakee County, 43.2430754, -91.44346900000001
29, Allegan County, 42.5938744, -85.9084434
30, Allegany County, 42.31298160000001, -78.0195387
31, Alleghany County, 40.4450813, -80.0087746
32, Allegheny County, 40.4450813, -80.0087746
33, Allen County, 41.0932622, -85.02334599999999
34, Allen Parish, 30.5887484, -92.8577105
35, Allendale County, 33.0059695, -81.38393260000001
36, Alpena County, 45.0317209, -83.54054119999999
37, Alpine County, 38.5940736, -119.8815203
38, Amador County, 38.3488921, -120.7740931
39, Amelia County, 37.3212714, -77.973865
40, Amherst County, 37.5588285, -79.1096901
41, Amite County, 31.1683803, -90.8294002
42, Anchorage Borough, 61.2180556, -149.9002778
43, Anderson County, 34.5528328, -82.6483442
44, Andrew County, 39.9637436, -94.81059549999999
45, Andrews County, 32.342627, -102.7135121
46, Androscoggin County, 44.19124160000001, -70.17070369999999
47, Angelina County, 31.2704698, -94.645035
48, Anne Arundel County, 38.95301089999999, -76.5488232
49, Anoka County, 45.3292832, -93.2197005
50, Anson County, 34.9054732, -80.1875065
51, Antelope County, 42.1902446, -98.04651849999999
52, Antrim County, 44.9730441, -85.1769095
53, Apache County, 35.5313224, -109.3783206
54, Appanoose County, 40.6806102, -92.8577105
55, Appling County, 31.712238, -82.25832969999999
56, Appomattox County, 37.402489, -78.792953
57, Aransas County, 28.07612619999999, -96.9638624
58, Arapahoe County, 39.62031, -104.332644
59, Archer County, 33.5761511, -98.7481167
60, Archuleta County, 37.1604318, -107.0067031
61, Arecibo, 18.3464019, -66.7528196
62, Arenac County, 43.99733550000001, -83.67739279999999
63, Arkansas County, 34.2354138, -91.28910359999999
64, Arlington County, 32.735687, -97.10806559999999
65, Armstrong County, 40.8790518, -79.4703885
66, Aroostook County, 46.81994100000001, -68.4766064
67, Arthur County, 41.5680276, -101.6157773
68, Ascension Parish, 30.2017295, -90.9438468
69, Ashe County, 36.4339674, -81.47183869999999
70, Ashland County, 40.94355880000001, -82.3017728
71, Ashley County, 33.1565939, -91.7538817
72, Ashtabula County, 41.9396982, -80.7214417
73, Asotin County, 46.1460123, -117.2085208
74, Assumption Parish, 29.9232544, -91.09693999999999
75, Atascosa County, 28.8661281, -98.5721016
76, Atchison County, 39.5701137, -95.35208759999999
77, Athens County, 39.30303079999999, -82.12783999999999
78, Atkinson County, 31.2932161, -82.8640623
79, Atlantic County, 39.5333379, -74.6868815
80, Atoka County, 34.45099009999999, -95.9832577
81, Attala County, 33.1683267, -89.62516459999999
82, Audrain County, 39.22195300000001, -91.9099238
83, Audubon County, 41.7326826, -94.976654
84, Auglaize County, 40.5781556, -84.3542049
85, Augusta County, 38.2004562, -79.24511489999999
86, Aurora County, 39.7294319, -104.8319195
87, Austin County, 29.8711291, -96.2800864
88, Autauga County, 32.5791817, -86.49965460000001
89, Avery County, 36.1198414, -81.909826
90, Avoyelles Parish, 30.97118240000001, -92.0665197
91, Baca County, 37.394731, -102.5298028
92, Bacon County, 31.5412085, -82.4319405
93, Bailey County, 34.0913057, -102.8975098
94, Baker County, 44.7652304, -117.67692
95, Baldwin County, 30.6010744, -87.77633329999999
96, Ballard County, 37.0359869, -89.0179332
97, Baltimore City, 39.2903848, -76.6121893
98, Baltimore County, 39.4647665, -76.7336521
99, Bamberg County, 33.2074402, -81.0754657
100, Bandera County, 29.7404135, -99.2785583
101, Banks County, 34.378542, -83.46435509999999
102, Banner County, 41.500766, -103.6362715
103, Bannock County, 42.5836362, -112.1430215
104, Baraga County, 46.7352761, -88.3010401
105, Barber County, 37.2299788, -98.7481167
106, Barbour County, 31.8172896, -85.35496499999999
107, Barceloneta, 25.795359, -80.14413739999999
108, Barnes County, 46.926176, -98.12223379999999
109, Barnstable County, 41.69909579999999, -70.32091129999999
110, Barnwell County, 33.279925, -81.47183869999999
111, Barren County, 36.96768360000001, -85.84862360000001
112, Barron County, 45.3607574, -91.77694799999999
113, Barrow County, 34.0142667, -83.6986568
114, Barry County, 42.5354321, -85.35496499999999
115, Bartholomew County, 39.20680099999999, -85.8895551
116, Barton County, 38.3613844, -98.7651482
117, Bartow County, 34.2660473, -84.8150781
118, Bastrop County, 30.0458708, -97.35165579999999
119, Bates County, 38.3216754, -94.315422
120, Bath County, 38.111733, -79.6502105
121, Baxter County, 36.3261815, -92.38136209999999
122, Bay County, 30.1805306, -85.684578
123, BayamÃ³n, 0.0, 0.0
124, Bayfield County, 46.6650481, -91.12220070000001
125, Baylor County, 33.5373926, -99.2785583
126, Beadle County, 44.4797351, -98.2212979
127, Bear Lake County, 42.228222, -111.2845025
128, Beaufort County, 32.2860396, -80.7214417
129, Beauregard Parish, 30.7611484, -93.33889169999999
130, Beaver County, 40.6367812, -80.365865
131, Beaverhead County, 45.21351179999999, -113.1093046
132, Becker County, 46.9164628, -95.7036557
133, Beckham County, 35.2687266, -99.634135
134, Bedford City, 32.844017, -97.1430671
135, Bedford County, 37.2538794, -79.4703885
136, Bee County, 28.3624206, -97.69822719999999
137, Belknap County, 43.5024246, -71.4073938
138, Bell County, 31.134411, -97.5247243
139, Belmont County, 40.03258479999999, -80.89865019999999
140, Beltrami County, 48.0370038, -94.82892389999999
141, Ben Hill County, 31.76640349999999, -83.2077645
142, Benewah County, 47.2437836, -116.6499425
143, Bennett County, 43.12235769999999, -101.6157773
144, Bennington County, 43.0278745, -73.13496049999999
145, Benson County, 48.08863400000001, -99.4648442
146, Bent County, 38.00363389999999, -103.0817903
147, Benton County, 46.31663619999999, -119.5021582
148, Benzie County, 44.64584549999999, -86.03712639999999
149, Bergen County, 40.9262762, -74.07701
150, Berkeley County, 33.1260618, -80.0087746
151, Berks County, 40.3451566, -75.9927652
152, Berkshire County, 42.311782, -73.1821623
153, Bernalillo County, 35.0177854, -106.6291304
154, Berrien County, 42.0320742, -86.7416374
155, Bertie County, 36.0245185, -76.964306
156, Bethel Census Area, 61.09344600000001, -160.8640774
157, Bexar County, 29.42007630000001, -98.5721016
158, Bibb County, 32.7865735, -83.7199136
159, Bienville Parish, 32.4107403, -93.0175712
160, Big Horn County, 44.6036387, -108.0941121
161, Big Stone County, 45.4932045, -96.4724
162, Billings County, 47.0560305, -103.3906121
163, Bingham County, 43.2112303, -112.3624146
164, Black Hawk County, 42.447804, -92.38136209999999
165, Blackford County, 40.49927840000001, -85.31362179999999
166, Bladen County, 34.5882404, -78.5660852
167, Blaine County, 43.4743428, -113.9664446
168, Blair County, 40.4531318, -78.3842227
169, Blanco County, 30.3500511, -98.3964938
170, Bland County, 37.0924986, -81.1196075
171, Bleckley County, 32.4087854, -83.3789389
172, Bledsoe County, 35.60288560000001, -85.2308414
173, Blount County, 35.6710541, -83.8473015
174, Blue Earth County, 43.9505132, -93.9878427
175, Boise County, 43.9604787, -115.8563106
176, Bolivar County, 33.8829962, -90.8294002
177, Bollinger County, 37.2115595, -90.0746767
178, Bon Homme County, 42.9814835, -97.87216
179, Bond County, 38.90298499999999, -89.4742177
180, Bonner County, 48.2751783, -116.5931483
181, Bonneville County, 43.4508683, -111.5455289
182, Boone County, 39.04685469999999, -92.38136209999999
183, Borden County, 32.82331080000001, -101.4339148
184, Bosque County, 31.8507607, -97.69822719999999
185, Bossier Parish, 32.7551322, -93.66232389999999
186, Botetourt County, 37.5774613, -79.7848422
187, Bottineau County, 48.7820733, -100.7486336
188, Boulder County, 40.15121140000001, -105.5005483
189, Boundary County, 48.7987617, -116.5627065
190, Bourbon County, 38.2170752, -84.2278796
191, Bowie County, 33.44732870000001, -94.479976
192, Bowman County, 46.0945462, -103.556038
193, Box Butte County, 42.19114709999999, -103.0817903
194, Box Elder County, 41.5380087, -113.1918021
195, Boyd County, 38.38332649999999, -82.6915429
196, Boyle County, 37.65260339999999, -84.8150781
197, Bracken County, 38.7117016, -84.05902900000001
198, Bradford County, 29.97238179999999, -82.1713632
199, Bradley County, 35.1937778, -84.8567932
200, Branch County, 41.8913835, -85.02334599999999
201, Brantley County, 31.1510963, -81.9971108
202, Braxton County, 38.7023371, -80.7214417
203, Brazoria County, 29.2131857, -95.4777811
204, Brazos County, 30.6504141, -96.3226072
205, Breathitt County, 37.5359616, -83.33618799999999
206, Breckinridge County, 37.7982002, -86.4592091
207, Bremer County, 42.76108199999999, -92.38136209999999
208, Brevard County, 28.263933, -80.7214417
209, Brewster County, 29.6629938, -103.3587288
210, Briscoe County, 34.526178, -101.1617356
211, Bristol Bay Borough, 58.7578504, -156.7792687
212, Bristol City, 51.454513, -2.58791
213, Bristol County, 41.79384059999999, -71.1448516
214, Broadwater County, 46.26937259999999, -111.4519716
215, Bronx County, 40.8447819, -73.8648268
216, Brooke County, 40.2697757, -80.5660657
217, Brookings County, 44.42115920000001, -96.83509989999999
218, Brooks County, 27.0273057, -98.2212979
219, Broome County, 42.17918649999999, -75.8533954
220, Broomfield County, 39.92054109999999, -105.0866504
221, Broward County, 26.190096, -80.365865
222, Brown County, 44.45616740000001, -87.9334803
223, Brule County, 43.6572515, -99.1013498
224, Brunswick County, 34.0275398, -78.2020387
225, Bryan County, 32.0236584, -81.47183869999999
226, Buchanan County, 39.6349791, -94.81059549999999
227, Buckingham County, 37.50700800000001, -78.5660852
228, Bucks County, 40.4107964, -75.2479061
229, Buena Vista City, 37.7343004, -79.35392379999999
230, Buena Vista County, 42.6705452, -95.1432068
231, Buffalo County, 44.3102354, -91.7538817
232, Bullitt County, 37.9842107, -85.684578
233, Bulloch County, 32.3595678, -81.77870209999999
234, Bullock County, 32.0573536, -85.7256372
235, Buncombe County, 35.59313770000001, -82.4752757
236, Bureau County, 41.35991560000001, -89.4742177
237, Burke County, 35.7616931, -81.73494199999999
238, Burleigh County, 47.0448552, -100.5049676
239, Burleson County, 30.4500257, -96.663812
240, Burlington County, 39.85584879999999, -74.6868815
241, Burnet County, 30.7270349, -98.2212979
242, Burnett County, 45.80511860000001, -92.2888131
243, Burt County, 41.8252059, -96.3226072
244, Butler County, 39.440463, -84.5222189
245, Butte County, 39.6253952, -121.5370003
246, Butts County, 33.2691443, -83.9532571
247, Cabarrus County, 35.4168123, -80.5882803
248, Cabell County, 38.43919270000001, -82.25832969999999
249, Cache County, 41.7560026, -111.7614661
250, Caddo County, 35.10556, -98.3088441
251, Caddo Parish, 32.6136798, -93.86553029999999
252, Calaveras County, 38.19604770000001, -120.6805037
253, Calcasieu Parish, 30.2089286, -93.33889169999999
254, Caldwell County, 35.92274479999999, -81.5596427
255, Caldwell Parish, 32.0669717, -92.0665197
256, Caledonia County, 44.55051, -72.04819069999999
257, Calhoun County, 33.7701576, -85.80766
258, Callahan County, 32.2728116, -99.456155
259, Callaway County, 38.8886044, -91.9099238
260, Calloway County, 36.64027660000001, -88.28504199999999
261, Calumet County, 44.1586082, -88.24611829999999
262, Calvert County, 38.49495030000001, -76.5025742
263, Camas County, 43.5093688, -114.8243665
264, Cambria County, 40.4894231, -78.74762079999999
265, Camden County, 39.8592439, -75.0143824
266, Cameron County, 26.1284971, -97.5247243
267, Cameron Parish, 29.8434436, -93.17796589999999
268, Camp County, 32.9567043, -94.99744609999999
269, Campbell County, 37.221014, -79.1096901
270, Canadian County, 35.55937839999999, -98.04651849999999
271, CanÃ³vanas, 0.0, 0.0
272, Candler County, 32.4241804, -82.08429009999999
273, Cannon County, 35.8070317, -86.05296039999999
274, Canyon County, 43.67795810000001, -116.6865435
275, Cape Girardeau County, 37.3821319, -89.62516459999999
276, Cape May County, 39.105884, -74.8273184
277, Carbon County, 40.901975, -75.667356
278, Caribou County, 42.7538684, -111.6660725
279, Carlisle County, 36.82066849999999, -88.9796776
280, Carlton County, 46.5619247, -92.6847226
281, Carolina, 18.3807819, -65.9573872
282, Caroline County, 38.0445557, -77.2864879
283, Carroll County, 39.5423418, -77.0564464
284, Carson City, 39.1637984, -119.7674034
285, Carson County, 35.4578717, -101.4339148
286, Carter County, 36.2638604, -82.12783999999999
287, Carteret County, 34.9019263, -76.5488232
288, Carver County, 44.82543099999999, -93.7841503
289, Cascade County, 47.4688355, -111.5453228
290, Casey County, 37.3157449, -84.8984775
291, Cass County, 47.2144536, -94.2309171
292, Cassia County, 42.35803600000001, -113.5728501
293, Castro County, 34.4985047, -102.3463875
294, Caswell County, 36.38602170000001, -79.29021329999999
295, CataÃ±o, 0.0, 0.0
296, Catahoula Parish, 31.7053083, -91.9099238
297, Catawba County, 35.6840748, -81.2518833
298, Catoosa County, 34.8981727, -85.14793639999999
299, Catron County, 34.1515173, -108.4276047
300, Cattaraugus County, 42.2318132, -78.74762079999999
301, Cavalier County, 48.8103752, -98.47811060000001
302, Cayuga County, 42.76552309999999, -76.5488232
303, Cecil County, 39.5739403, -75.94632399999999
304, Cedar County, 41.8346154, -91.13530200000001
305, Centre County, 40.87656490000001, -77.8367282
306, Cerro Gordo County, 43.1543186, -93.20296750000001
307, Chaffee County, 38.75366789999999, -106.2522143
308, Chambers County, 29.75249560000001, -94.6863782
309, Champaign County, 40.2138865, -88.24611829999999
310, Chariton County, 39.5301517, -93.0175712
311, Charles City, 43.0663612, -92.6724112
312, Charles City County, 37.4018216, -77.1485163
313, Charles County, 38.52217809999999, -77.10249019999999
314, Charles Mix County, 43.0985109, -98.3964938
315, Charleston County, 32.7956561, -79.7848422
316, Charlevoix County, 45.24421659999999, -85.06190389999999
317, Charlotte County, 26.8946009, -81.909826
318, Charlottesville City, 38.0293059, -78.47667810000002
319, Charlton County, 30.7917361, -82.08429009999999
320, Chase County, 40.4531318, -101.6157773
321, Chatham County, 31.9994194, -81.1196075
322, Chattahoochee County, 32.2952274, -84.8150781
323, Chattooga County, 34.4632661, -85.31362179999999
324, Chautauqua County, 42.2312829, -79.560344
325, Chaves County, 33.4757392, -104.4723301
326, Cheatham County, 36.184749, -87.10237459999999
327, Cheboygan County, 45.5472257, -84.56362829999999
328, Chelan County, 47.9445331, -120.6749068
329, Chemung County, 42.1362071, -76.7798172
330, Chenango County, 42.4972314, -75.62080879999999
331, Cherokee County, 34.2514526, -84.4802606
332, Cherry County, 42.474114, -101.1617356
333, Chesapeake City, 36.7682088, -76.2874927
334, Cheshire County, 42.9259375, -72.236379
335, Chester County, 40.0010204, -75.8069082
336, Chesterfield County, 37.3673217, -77.6077865
337, Cheyenne County, 38.8002562, -102.6216211
338, Chickasaw County, 33.8818791, -89.0179332
339, Chicot County, 33.3419551, -91.28910359999999
340, Childress County, 34.52575270000001, -100.1703257
341, Chilton County, 32.944392, -86.6611083
342, Chippewa County, 45.0673752, -91.2924666
343, Chisago County, 45.524828, -92.9550305
344, Chittenden County, 44.3959289, -72.9962431
345, Choctaw County, 33.9851472, -95.51973939999999
346, Chouteau County, 48.0033098, -110.4737958
347, Chowan County, 36.1354131, -76.6181655
348, Christian County, 36.99764400000001, -93.17796589999999
349, Churchill County, 39.66266779999999, -118.4863963
350, Cibola County, 35.0947557, -107.8583868
351, Cimarron County, 36.79363349999999, -102.6216211
352, Citrus County, 28.8848842, -82.5185837
353, City and Borough of Juneau, 58.3019444, -134.4197222
354, Clackamas County, 45.2023855, -122.1188945
355, Claiborne County, 36.4830423, -83.63484299999999
356, Claiborne Parish, 32.7722557, -93.0175712
357, Clallam County, 48.0405122, -124.016766
358, Clare County, 44.0565054, -84.8567932
359, Clarendon County, 33.6734243, -80.1875065
360, Clarion County, 41.1982095, -79.4703885
361, Clark County, 36.07956130000001, -115.094045
362, Clarke County, 33.9519347, -83.357567
363, Clatsop County, 46.02107959999999, -123.7653042
364, Clay County, 29.9943564, -81.77870209999999
365, Clayton County, 33.5571944, -84.375233
366, Clear Creek County, 39.6904464, -105.6412527
367, Clearfield County, 40.9519685, -78.5660852
368, Clearwater County, 47.72007869999999, -95.310566
369, Cleburne County, 35.4605769, -92.0665197
370, Clermont County, 39.0928449, -84.1857115
371, Cleveland County, 35.361354, -81.6035062
372, Clinch County, 30.97169849999999, -82.82097399999999
373, Clinton County, 42.9663458, -84.5222189
374, Cloud County, 39.55439490000001, -97.66498419999999
375, Coahoma County, 34.1960298, -90.6393702
376, Coal County, 34.568577, -96.2800864
377, CoÃ¶s County, 0.0, 0.0
378, Cobb County, 33.89992970000001, -84.56414699999999
379, Cochise County, 31.82845799999999, -109.949686
380, Cochran County, 33.5643803, -102.8975098
381, Cocke County, 35.93595169999999, -83.12200740000002
382, Coconino County, 35.66475450000001, -111.4752851
383, Codington County, 44.9953593, -97.23487460000001
384, Coffee County, 31.5182285, -82.82097399999999
385, Coffey County, 38.2570639, -95.81428849999999
386, Coke County, 31.82776629999999, -100.5296115
387, Colbert County, 34.7117567, -87.89424509999999
388, Cole County, 38.50524860000001, -92.2630393
389, Coleman County, 31.7320219, -99.456155
390, Coles County, 39.5560011, -88.24611829999999
391, Colfax County, 36.5799757, -104.4723301
392, Colleton County, 32.8242297, -80.7214417
393, Collier County, 26.069985, -81.42789839999999
394, Collin County, 33.1795213, -96.49297969999999
395, Collingsworth County, 35.0351623, -100.3497895
396, Colonial Heights City, 37.244039, -77.4102607
397, Colorado County, 29.5378648, -96.49297969999999
398, Colquitt County, 31.2072856, -83.8473015
399, Columbia County, 33.5098514, -82.25832969999999
400, Columbiana County, 40.7902581, -80.7657804
401, Columbus County, 34.2548658, -78.74762079999999
402, Colusa County, 39.1040645, -122.2653887
403, Comal County, 29.8105572, -98.2212979
404, Comanche County, 34.6612778, -98.3964938
405, Concho County, 31.3431641, -99.8124935
406, Concordia Parish, 31.4808983, -91.63721500000001
407, Conecuh County, 31.501571, -86.9824288
408, Conejos County, 37.2689711, -106.2522143
409, Contra Costa County, 37.8534093, -121.9017954
410, Converse County, 43.0489425, -105.4068079
411, Conway County, 35.2727492, -92.6983868
412, Cook County, 41.7376587, -87.697554
413, Cooke County, 33.6672185, -97.35165579999999
414, Cooper County, 38.8693247, -92.8577105
415, Coos County, 43.242897, -124.1057369
416, Coosa County, 32.8897772, -86.2196937
417, Copiah County, 31.9012453, -90.37483540000001
418, Corson County, 45.76233329999999, -101.690976
419, Cortland County, 42.5440918, -75.9927652
420, Coryell County, 31.4774358, -97.87216
421, Coshocton County, 40.27358230000001, -81.9534815
422, Costilla County, 37.2049596, -105.5005483
423, Cottle County, 34.159117, -100.3497895
424, Cotton County, 34.309094, -98.3964938
425, Cottonwood County, 44.0488692, -95.3102505
426, Covington County, 31.3066438, -86.49965460000001
427, Coweta County, 33.3716708, -84.7315563
428, Cowley County, 37.2660235, -96.9209135
429, Cowlitz County, 46.1746472, -122.7746902
430, Craig County, 37.44658950000001, -80.23213129999999
431, Craighead County, 35.8260959, -90.6773046
432, Crane County, 31.4654966, -102.5298028
433, Craven County, 35.08776719999999, -77.0564464
434, Crawford County, 40.8268068, -82.99316069999999
435, Creek County, 35.8362494, -96.3226072
436, Crenshaw County, 31.6671872, -86.3376761
437, Crisp County, 31.8875724, -83.804868
438, Crittenden County, 35.3021443, -90.37483540000001
439, Crockett County, 35.7812386, -89.1324866
440, Crook County, 44.09781259999999, -120.0963654
441, Crosby County, 33.5500004, -101.2523792
442, Cross County, 35.29989129999999, -90.8294002
443, Crow Wing County, 46.5957987, -94.1401699
444, Crowley County, 38.2498631, -103.8216261
445, Culberson County, 31.347767, -104.4723301
446, Cullman County, 34.2011537, -86.8220341
447, Culpeper County, 38.491821, -77.973865
448, Cumberland County, 34.9542604, -78.74762079999999
449, Cuming County, 41.9540153, -96.83509989999999
450, Currituck County, 36.4189826, -75.94632399999999
451, Curry County, 42.54405029999999, -124.2781761
452, Custer County, 38.0615578, -105.3131185
453, Cuyahoga County, 41.433923, -81.67582
454, Dade County, 25.5516034, -80.6326916
455, Daggett County, 40.9053845, -109.5211063
456, Dakota County, 44.731554, -93.17796589999999
457, Dale County, 31.4645298, -85.684578
458, Dallam County, 36.20745, -102.5298028
459, Dallas County, 32.8024682, -96.83509989999999
460, Dane County, 43.01860730000001, -89.5497632
461, Daniels County, 48.7744137, -105.7248763
462, Danville City, 36.5859718, -79.39502279999999
463, Dare County, 35.6549619, -75.62080879999999
464, Darke County, 40.10565719999999, -84.68974949999999
465, Darlington County, 34.3649897, -80.0087746
466, Dauphin County, 40.2734277, -76.7336521
467, Davidson County, 35.7748479, -80.1875065
468, Davie County, 35.9367033, -80.5882803
469, Daviess County, 37.7307984, -87.10237459999999
470, Davis County, 40.9628845, -112.0953297
471, Davison County, 43.7242124, -98.2212979
472, Dawes County, 42.6551733, -103.0817903
473, Dawson County, 34.412912, -84.14351359999999
474, Day County, 45.4167482, -97.70237159999999
475, De Baca County, 34.2734196, -104.3791912
476, De Kalb County, 33.79564409999999, -84.2278796
477, De Soto Parish, 32.0310567, -93.66232389999999
478, De Witt County, 29.1235194, -97.35165579999999
479, Deaf Smith County, 35.0017354, -102.5298028
480, Dearborn County, 39.1713075, -84.981754
481, Decatur County, 39.3176186, -85.52002399999999
482, Deer Lodge County, 46.10953139999999, -113.0212247
483, Defiance County, 41.34917249999999, -84.4802606
484, Dekalb County, 33.79564409999999, -84.2278796
485, Del Norte County, 41.7076287, -123.9659708
486, Delaware County, 39.907793, -75.3878525
487, Delta County, 38.8531357, -107.763621
488, Denali Borough, 63.82571729999999, -149.7317834
489, Dent County, 37.544666, -91.44346900000001
490, Denton County, 33.14186110000001, -97.179026
491, Denver County, 39.7392358, -104.990251
492, Des Moines County, 40.9123374, -91.17369939999999
493, Deschutes County, 43.83251, -121.2616541
494, Desha County, 33.8773585, -91.44346900000001
495, Desoto County, 34.9065453, -89.9626799
496, Deuel County, 41.1401755, -102.3005803
497, Dewey County, 36.017265, -98.92453429999999
498, Dickens County, 33.5985109, -100.7097867
499, Dickenson County, 37.09294649999999, -82.34518899999999
500, Dickey County, 46.12652849999999, -98.4554399
501, Dickinson County, 43.40493879999999, -95.18492189999999
502, Dickson County, 36.14597989999999, -87.30161319999999
503, Dillingham Census Area, 59.80677919999999, -157.7242585
504, Dillon County, 34.35960119999999, -79.4253776
505, Dimmit County, 28.4116514, -99.8124935
506, Dinwiddie County, 37.0769043, -77.6536125
507, District of Columbia, 38.9071923, -77.0368707
508, Divide County, 48.80561540000001, -103.582951
509, Dixie County, 29.5207227, -83.1649001
510, Dixon County, 42.4257719, -96.83509989999999
511, DoÃ±a Ana County, 32.48576699999999, -106.7234639
512, Doddridge County, 39.2367791, -80.6770787
513, Dodge County, 43.3994215, -88.7108964
514, Dolores County, 37.7530272, -108.5225709
515, Dona Ana County, 32.48576699999999, -106.7234639
516, Doniphan County, 39.8245628, -95.18492189999999
517, Donley County, 34.98753549999999, -100.8903099
518, Dooly County, 32.1593447, -83.804868
519, Door County, 44.8341302, -87.3770488
520, Dorchester County, 33.1680383, -80.54384499999999
521, Dougherty County, 31.5439375, -84.2278796
522, Douglas County, 39.2587106, -104.9388853
523, Drew County, 33.5156463, -91.7538817
524, Dubois County, 38.357918, -86.8220341
525, Dubuque County, 42.4694679, -90.8294002
526, Duchesne County, 40.2172448, -110.5215459
527, Dukes County, 41.4039539, -70.6692655
528, Dundy County, 40.13061210000001, -101.6157773
529, Dunklin County, 36.2364268, -90.055447
530, Dunn County, 44.909416, -91.9099238
531, Dupage County, 41.82438310000001, -88.0900762
532, Duplin County, 34.8840095, -78.0195387
533, Durham County, 36.0221805, -78.9031279
534, Dutchess County, 41.77843720000001, -73.7477857
535, Duval County, 30.3500511, -81.6035062
536, Dyer County, 36.0445248, -89.436391
537, Eagle County, 39.576406, -106.7234639
538, Early County, 31.3901106, -84.8984775
539, East Baton Rouge Parish, 30.5693593, -91.09693999999999
540, East Carroll Parish, 32.7570923, -91.2506002
541, East Feliciana Parish, 30.8458948, -91.02032240000001
542, Eastland County, 32.3240465, -98.7481167
543, Eaton County, 42.5886496, -84.7733325
544, Eau Claire County, 44.76839090000001, -91.28910359999999
545, Echols County, 30.7503289, -82.95015579999999
546, Ector County, 31.8246483, -102.5298028
547, Eddy County, 32.4170622, -104.4723301
548, Edgar County, 39.71312229999999, -87.77633329999999
549, Edgecombe County, 35.8840053, -77.6536125
550, Edgefield County, 33.8015886, -81.9534815
551, Edmonson County, 37.1941682, -86.21584969999999
552, Edmunds County, 45.45862599999999, -99.181873
553, Edwards County, 29.9282955, -100.439656
554, Effingham County, 32.378148, -81.38393260000001
555, El Dorado County, 38.74263759999999, -120.4357631
556, El Paso County, 38.91083249999999, -104.4723301
557, Elbert County, 39.35370040000001, -104.1930918
558, Elk County, 41.4284924, -78.5660852
559, Elkhart County, 41.6062253, -85.84862360000001
560, Elko County, 41.2220182, -115.2837585
561, Elliott County, 38.1575088, -83.12200740000002
562, Ellis County, 32.2619765, -96.83509989999999
563, Ellsworth County, 38.615225, -98.2212979
564, Elmore County, 32.5647083, -86.0121573
565, Emanuel County, 32.5726629, -82.3017728
566, Emery County, 39.0738385, -110.7122465
567, Emmet County, 45.6418969, -84.9769067
568, Emmons County, 46.2061318, -100.2953039
569, Emporia City, 38.403903, -96.18166260000001
570, Erath County, 32.17934040000001, -98.2212979
571, Erie County, 42.9023958, -78.8661589
572, Escambia County, 30.6389408, -87.3413599
573, Esmeralda County, 37.7866167, -117.3616476
574, Essex County, 40.7947466, -74.2648829
575, Estill County, 37.6975384, -83.9744262
576, Etowah County, 34.0455341, -86.05296039999999
577, Eureka County, 39.5126741, -115.9637979
578, Evangeline Parish, 30.7821781, -92.38136209999999
579, Evans County, 32.1427011, -81.909826
580, Fairbanks North Star Borough, 64.9526102, -146.4744155
581, Fairfax City, 38.84622359999999, -77.30637329999999
582, Fairfax County, 38.9085472, -77.2405153
583, Fairfield County, 39.83050599999999, -82.6483442
584, Fall River County, 43.2240279, -103.4511768
585, Fallon County, 46.3762402, -104.4280327
586, Falls Church City, 38.88233400000001, -77.1710914
587, Falls County, 31.1636412, -97.0068393
588, Fannin County, 33.5544296, -96.15269850000001
589, Faribault County, 43.64487659999999, -93.9878427
590, Faulk County, 45.08270079999999, -99.1531325
591, Faulkner County, 35.1035858, -92.38136209999999
592, Fauquier County, 38.7208787, -77.79097759999999
593, Fayette County, 33.4502206, -84.4802606
594, Fentress County, 36.37106, -84.8984775
595, Fergus County, 47.2126745, -109.4141
596, Ferry County, 48.4718375, -118.4974069
597, Fillmore County, 43.6956298, -92.0665197
598, Finney County, 38.0625252, -100.8903099
599, Fisher County, 32.7398733, -100.3497895
600, Flagler County, 29.4086072, -81.2518833
601, Flathead County, 48.42415200000001, -114.15315
602, Fleming County, 38.3987633, -83.67739279999999
603, Florence County, 33.9828684, -79.6502105
604, Floyd County, 38.2869276, -85.8895551
605, Fluvanna County, 37.8532863, -78.24761459999999
606, Foard County, 33.9865825, -99.7678687
607, Fond Du Lac County, 43.7008379, -88.24611829999999
608, Ford County, 37.6540069, -99.8124935
609, Forest County, 45.6704497, -88.83758069999999
610, Forrest County, 31.2148677, -89.28472510000002
611, Forsyth County, 34.2358502, -84.14351359999999
612, Fort Bend County, 29.5692614, -95.81428849999999
613, Foster County, 47.4991972, -98.874618
614, Fountain County, 40.2227197, -87.3347575
615, Franklin City, 35.92506369999999, -86.8688899
616, Franklin County, 40.0154745, -82.99316069999999
617, Franklin Parish, 32.0737103, -91.5983959
618, Frederick County, 39.3844507, -77.4701972
619, Fredericksburg City, 38.3031837, -77.4605399
620, Freeborn County, 43.6656285, -93.33889169999999
621, Freestone County, 31.7534889, -96.15269850000001
622, Fremont County, 38.5306514, -105.5005483
623, Fresno County, 36.9858984, -119.2320784
624, Frio County, 28.831355, -99.1013498
625, Frontier County, 40.57447779999999, -100.3497895
626, Fulton County, 33.8033965, -84.3962535
627, Furnas County, 40.12139699999999, -99.99122539999999
628, Gadsden County, 30.5562947, -84.6479124
629, Gage County, 40.1989041, -96.663812
630, Gaines County, 32.6987519, -102.7135121
631, Galax City, 36.6612387, -80.9239671
632, Gallatin County, 45.5388865, -111.1194231
633, Gallia County, 38.8619254, -82.34518899999999
634, Galveston County, 29.37634989999999, -94.8520636
635, Garden County, 41.7369721, -102.2547919
636, Garfield County, 39.6584775, -107.763621
637, Garland County, 34.5559285, -93.17796589999999
638, Garrard County, 37.6413234, -84.56414699999999
639, Garrett County, 39.5681243, -79.29021329999999
640, Garvin County, 34.72890630000001, -97.35165579999999
641, Garza County, 33.1955897, -101.2523792
642, Gasconade County, 38.43359149999999, -91.4821482
643, Gaston County, 35.2895651, -81.20781640000001
644, Gates County, 36.42020770000001, -76.6874701
645, Geary County, 38.9984685, -96.79223549999999
646, Geauga County, 41.4641521, -81.20781640000001
647, Gem County, 44.0324936, -116.3589245
648, Genesee County, 43.0777289, -83.67739279999999
649, Geneva County, 31.0990456, -85.684578
650, Gentry County, 40.14069810000001, -94.479976
651, George County, 30.8431226, -88.6723578
652, Georgetown County, 33.42133990000001, -79.29021329999999
653, Gibson County, 38.3338249, -87.5791287
654, Gila County, 33.6370567, -110.5215459
655, Gilchrist County, 29.6871128, -82.82097399999999
656, Giles County, 37.3132885, -80.6770787
657, Gillespie County, 30.31499299999999, -98.92453429999999
658, Gilliam County, 45.4565608, -120.1802024
659, Gilmer County, 34.6935359, -84.4802606
660, Gilpin County, 39.8770159, -105.4536718
661, Glacier County, 48.5217475, -112.9196649
662, Glades County, 26.984415, -81.0754657
663, Gladwin County, 44.0327885, -84.3542049
664, Glascock County, 33.24229940000001, -82.6267345
665, Glasscock County, 31.912308, -101.6157773
666, Glenn County, 39.6437813, -122.4467238
667, Gloucester County, 39.71030229999999, -75.1078332
668, Glynn County, 31.26241689999999, -81.6035062
669, Gogebic County, 46.4392785, -89.92147399999999
670, Golden Valley County, 47.0077031, -103.7914154
671, Goliad County, 28.5673709, -97.35165579999999
672, Gonzales County, 29.4834878, -97.5247243
673, Goochland County, 37.74159969999999, -77.973865
674, Goodhue County, 44.44302510000001, -92.6983868
675, Gooding County, 42.9180557, -114.7494346
676, Gordon County, 34.48916990000001, -84.8567932
677, Goshen County, 42.0334428, -104.3791912
678, Gosper County, 40.4604851, -99.8124935
679, Gove County, 38.9271279, -100.5296115
680, Grady County, 35.0472662, -97.87216
681, Grafton County, 43.9087929, -71.825994
682, Graham County, 33.076805, -109.7591675
683, Grainger County, 36.30593329999999, -83.54965659999999
684, Grand County, 40.0727382, -106.0640179
685, Grand Forks County, 48.0037819, -97.35945249999999
686, Grand Isle County, 44.85959280000001, -73.2957299
687, Grand Traverse County, 44.68798400000001, -85.52002399999999
688, Granite County, 46.33746430000001, -113.4647823
689, Grant County, 47.1981147, -119.3732456
690, Grant Parish, 31.6943716, -92.539603
691, Granville County, 36.2799451, -78.6114999
692, Gratiot County, 43.2836505, -84.68974949999999
693, Graves County, 36.6887728, -88.7108964
694, Gray County, 35.3352558, -100.8903099
695, Grays Harbor County, 46.9953526, -123.7012468
696, Grayson County, 33.7062406, -96.663812
697, Greeley County, 38.47380280000001, -101.7979613
698, Green County, 42.6287336, -89.62516459999999
699, Green Lake County, 43.863117, -89.0179332
700, Greenbrier County, 38.0198478, -80.54384499999999
701, Greene County, 39.697399, -83.8897057
702, Greenlee County, 33.24055980000001, -109.2831531
703, Greensville County, 36.60568860000001, -77.6077865
704, Greenup County, 38.5665695, -82.95015579999999
705, Greenville County, 34.9297484, -82.34518899999999
706, Greenwood County, 34.1672949, -82.12783999999999
707, Greer County, 34.9338651, -99.456155
708, Gregg County, 32.4892547, -94.8520636
709, Gregory County, 43.19831329999999, -99.1013498
710, Grenada County, 33.7516314, -89.81303559999999
711, Griggs County, 47.3876664, -98.25542949999999
712, Grimes County, 30.4829853, -95.9832577
713, Grundy County, 41.35005309999999, -88.4016041
714, Guadalupe County, 29.6477307, -97.87216
715, Guaynabo, 18.3615548, -66.11106819999999
716, Guernsey County, 40.0731129, -81.42789839999999
717, Guilford County, 36.0899873, -79.8296743
718, Gulf County, 29.8001623, -85.35496499999999
719, Gunnison County, 38.6437083, -107.0067031
720, Guthrie County, 41.7530909, -94.479976
721, Gwinnett County, 33.91906530000001, -84.01674229999999
722, Haakon County, 44.2671365, -101.5248055
723, Habersham County, 34.6478893, -83.54965659999999
724, Haines Borough, 59.1392237, -135.0
725, Hale County, 34.1064941, -101.8891721
726, Halifax County, 36.2646764, -77.6077865
727, Hall County, 34.30778, -83.804868
728, Hamblen County, 36.2054334, -83.2934086
729, Hamilton County, 39.2355447, -84.56414699999999
730, Hamlin County, 44.6998712, -97.179026
731, Hampden County, 42.11723139999999, -72.6624209
732, Hampshire County, 42.3471357, -72.6624209
733, Hampton City, 37.0298687, -76.34522179999999
734, Hampton County, 32.8084577, -81.1196075
735, Hancock County, 39.8249915, -85.84862360000001
736, Hand County, 44.494661, -99.0128926
737, Hanover County, 37.7772071, -77.5160788
738, Hansford County, 36.31837489999999, -101.4339148
739, Hanson County, 43.6082107, -97.69822719999999
740, Haralson County, 33.8021715, -85.1900684
741, Hardee County, 27.4501733, -81.8224362
742, Hardeman County, 35.1229172, -89.0179332
743, Hardin County, 37.6565708, -86.0121573
744, Harding County, 45.5482666, -103.5995692
745, Hardy County, 39.04161159999999, -78.9288242
746, Harford County, 39.58389639999999, -76.3637285
747, Harlan County, 36.8890304, -83.2077645
748, Harmon County, 34.7305114, -99.8124935
749, Harnett County, 35.35786480000001, -78.8835548
750, Harney County, 43.1423225, -119.0116305
751, Harper County, 37.1096002, -98.04651849999999
752, Harris County, 29.77518250000001, -95.3102505
753, Harrison County, 30.432087, -89.0179332
754, Harrisonburg City, 38.44956880000001, -78.8689155
755, Hart County, 34.3500039, -82.95015579999999
756, Hartford County, 41.79243429999999, -72.8042797
757, Hartley County, 35.86479569999999, -102.5298028
758, Harvey County, 38.0025215, -97.35165579999999
759, Haskell County, 33.14034230000001, -99.8124935
760, Hawaii County, 19.5429151, -155.6658568
761, Hawkins County, 36.4445545, -82.95015579999999
762, Hayes County, 30.0537607, -98.0028892
763, Hays County, 30.0537607, -98.0028892
764, Haywood County, 35.624394, -82.99316069999999
765, Heard County, 33.2990406, -85.14793639999999
766, Hemphill County, 35.9022267, -100.3497895
767, Hempstead County, 33.6530112, -93.66232389999999
768, Henderson County, 35.3725873, -82.4319405
769, Hendricks County, 39.8064942, -86.5400674
770, Hendry County, 26.6105319, -81.0754657
771, Hennepin County, 45.0208911, -93.5094574
772, Henrico County, 37.5059332, -77.3324425
773, Henry County, 33.4347963, -84.14351359999999
774, Herkimer County, 43.1630587, -74.8741045
775, Hernando County, 28.5578826, -82.4752757
776, Hertford County, 36.3761772, -77.0564464
777, Hettinger County, 46.3771987, -102.4557007
778, Hickman County, 35.80127969999999, -87.460397
779, Hickory County, 37.9747242, -93.29861059999999
780, Hidalgo County, 26.4656319, -98.2212979
781, Highland County, 39.2228606, -83.5070203
782, Highlands County, 27.3400286, -81.34002679999999
783, Hill County, 32.0621768, -97.179026
784, Hillsborough County, 27.9903597, -82.3017728
785, Hillsdale County, 41.8685961, -84.5222189
786, Hinds County, 32.2648353, -90.37483540000001
787, Hinsdale County, 37.9316309, -107.3848831
788, Hitchcock County, 40.1844599, -101.0711758
789, Hocking County, 39.4909358, -82.4752757
790, Hockley County, 33.6212592, -102.3463875
791, Hodgeman County, 38.1429747, -99.99122539999999
792, Hoke County, 35.04324880000001, -79.24511489999999
793, Holmes County, 40.5540928, -81.909826
794, Holt County, 42.3803308, -98.6600586
795, Honolulu County, 21.3069857, -157.8584319
796, Hood County, 32.4296296, -97.8286368
797, Hood River County, 45.5605475, -121.6378798
798, Hooker County, 41.9368476, -101.0711758
799, Hoonah-Angoon Borough, 58.31765049999999, -136.0390896
800, Hopewell City, 37.3043154, -77.28720009999999
801, Hopkins County, 33.22829419999999, -95.4777811
802, Horry County, 33.9196567, -78.9288242
803, Hot Spring County, 34.3393795, -92.97755579999999
804, Hot Springs County, 43.658734, -108.326784
805, Houghton County, 47.1211215, -88.5694012
806, Houston County, 32.4219655, -83.63484299999999
807, Howard County, 39.2873463, -76.964306
808, Howell County, 36.8527979, -91.9099238
809, Hubbard County, 47.1860527, -94.94114230000001
810, Hudson County, 40.7453199, -74.05351259999999
811, Hudspeth County, 31.5707433, -105.5943388
812, Huerfano County, 37.6125984, -104.9388853
813, Hughes County, 35.1380279, -96.3226072
814, Humboldt County, 40.74500549999999, -123.8695086
815, Humphreys County, 36.0245773, -87.7369607
816, Hunt County, 33.19679380000001, -96.15269850000001
817, Hunterdon County, 40.56695149999999, -74.92087719999999
818, Huntingdon County, 40.4155273, -78.0195387
819, Huntington County, 40.79112170000001, -85.52002399999999
820, Huron County, 41.1266687, -82.6483442
821, Hutchinson County, 35.8031909, -101.4339148
822, Hyde County, 35.3777712, -76.17837390000001
823, Iberia Parish, 29.93067239999999, -91.60769599999999
824, Iberville Parish, 30.2899179, -91.4048249
825, Ida County, 42.3418685, -95.4777811
826, Idaho County, 45.9019541, -115.7237432
827, Imperial County, 33.0113694, -115.4733554
828, Independence County, 35.8174139, -91.5983959
829, Indian River County, 27.6947732, -80.54384499999999
830, Indiana County, 40.6850762, -79.1096901
831, Ingham County, 42.64689429999999, -84.3542049
832, Inyo County, 36.3091865, -117.5495846
833, Ionia County, 42.98921189999999, -85.02334599999999
834, Iosco County, 44.3340462, -83.63862259999999
835, Iowa County, 42.9416737, -90.0746767
836, Iredell County, 35.8310501, -80.89865019999999
837, Irion County, 31.2557696, -100.8903099
838, Iron County, 37.7854715, -113.1918021
839, Iroquois County, 40.7740275, -87.697554
840, Irwin County, 31.5893221, -83.2934086
841, Isabella County, 43.598799, -84.8567932
842, Isanti County, 45.6301379, -93.2537327
843, Island County, 48.19765, -122.579457
844, Isle of Wight County, 36.92889150000001, -76.6874701
845, Issaquena County, 32.8494351, -91.02032240000001
846, Itasca County, 47.5507924, -93.5683651
847, Itawamba County, 34.2317882, -88.4016041
848, Izard County, 36.16109239999999, -91.9099238
849, Jack County, 33.2560382, -98.2212979
850, Jackson County, 38.99149979999999, -94.315422
851, Jackson Parish, 32.23997910000001, -92.539603
852, James City, 37.3002132, -76.8028933
853, James City County, 37.3002132, -76.8028933
854, Jasper County, 32.491436, -81.0754657
855, Jay County, 40.4465288, -85.02334599999999
856, Jeff Davis County, 30.750805, -104.1930918
857, Jefferson County, 39.5800298, -105.2662931
858, Jefferson Davis County, 31.58252809999999, -89.81303559999999
859, Jefferson Davis Parish, 30.26723459999999, -92.8178291
860, Jefferson Parish, 29.6498691, -90.11206960000001
861, Jenkins County, 32.7781246, -81.9971108
862, Jennings County, 38.9914998, -85.684578
863, Jerauld County, 44.0364698, -98.61606739999999
864, Jerome County, 42.71281800000001, -114.3287857
865, Jersey County, 39.0704754, -90.37483540000001
866, Jessamine County, 37.89557300000001, -84.56414699999999
867, Jewell County, 39.77202270000001, -98.2212979
868, Jim Hogg County, 26.995506, -98.7481167
869, Jim Wells County, 27.7841718, -98.04651849999999
870, Jo Daviess County, 42.3148804, -90.2244662
871, Johnson County, 38.845412, -94.8520636
872, Johnston County, 35.4403514, -78.3842227
873, Jones County, 31.5343241, -89.1705998
874, Josephine County, 42.3447572, -123.4568737
875, Juab County, 39.7108104, -112.7152125
876, Judith Basin County, 47.0609367, -110.2577109
877, Juneau Borough, 58.3019444, -134.4197222
878, Juneau County, 43.8672979, -90.0746767
879, Juniata County, 40.55216420000001, -77.4242972
880, Kalamazoo County, 42.29170690000001, -85.5872286
881, Kalawao County, 21.1724765, -156.955318
882, Kalkaska County, 44.66744449999999, -85.02334599999999
883, Kanabec County, 45.9329034, -93.2883531
884, Kanawha County, 38.25569050000001, -81.42789839999999
885, Kandiyohi County, 45.11445519999999, -95.0155836
886, Kane County, 41.98788400000001, -88.4016041
887, Kankakee County, 41.1790977, -87.77633329999999
888, Karnes County, 28.9089085, -97.87216
889, Kauai County, 21.9661076, -159.5737912
890, Kaufman County, 32.5889211, -96.3089299
891, Kay County, 36.8234478, -97.179026
892, Kearney County, 40.5328331, -98.92453429999999
893, Kearny County, 38.0281402, -101.2523792
894, Keith County, 41.18158629999999, -101.5248055
895, Kemper County, 32.8018452, -88.7108964
896, Kenai Peninsula Borough, 60.0858486, -151.3822641
897, Kendall County, 41.55070429999999, -88.4403883
898, Kenedy County, 26.8697147, -97.69822719999999
899, Kennebec County, 44.4499153, -69.7038278
900, Kenosha County, 42.5810954, -88.05337519999999
901, Kent County, 43.0097027, -85.52002399999999
902, Kenton County, 38.9863872, -84.56414699999999
903, Keokuk County, 41.3397063, -92.2236667
904, Kern County, 35.4937274, -118.8596804
905, Kerr County, 30.09453049999999, -99.456155
906, Kershaw County, 34.3671762, -80.5882803
907, Ketchikan Gateway Borough, 55.5103345, -131.389286
908, Kewaunee County, 44.5202599, -87.38107269999999
909, Keweenaw County, 47.34001490000001, -88.0490907
910, Keya Paha County, 42.8461857, -99.634135
911, Kidder County, 46.87663130000001, -99.7506856
912, Kimball County, 41.1856601, -103.6362715
913, Kimble County, 30.4338473, -99.8124935
914, King and Queen County, 37.7298568, -76.8951551
915, King County, 47.5480339, -121.9836029
916, King George County, 38.2372863, -77.1485163
917, King William County, 37.7372121, -77.1485163
918, Kingfisher County, 35.9181468, -97.87216
919, Kingman County, 37.60715930000001, -98.2212979
920, Kings County, 36.0988489, -119.8815203
921, Kingsbury County, 44.37773110000001, -97.5247243
922, Kinney County, 29.2934865, -100.3497895
923, Kiowa County, 38.3769671, -102.7135121
924, Kit Carson County, 39.3844507, -102.5298028
925, Kitsap County, 47.6476607, -122.6412583
926, Kittitas County, 47.17495479999999, -120.9319411
927, Kittson County, 48.7563083, -96.865445
928, Klamath County, 42.69527670000001, -121.6142133
929, Kleberg County, 27.4308339, -97.69822719999999
930, Klickitat County, 45.88882399999999, -120.9711029
931, Knott County, 37.3461117, -82.99316069999999
932, Knox County, 35.9874629, -83.9419784
933, Kodiak Island Borough, 57.53693430000001, -153.2659352
934, Koochiching County, 48.1816012, -93.648322
935, Kootenai County, 47.7568407, -116.6222056
936, Kosciusko County, 41.2864679, -85.84862360000001
937, Kossuth County, 43.25133839999999, -94.2333355
938, La Crosse County, 43.8617023, -91.13530200000001
939, La Paz County, 34.0061091, -113.9536466
940, La Plata County, 37.21258569999999, -107.763621
941, La Porte County, 41.4775131, -86.8220341
942, La Salle County, 28.2758921, -99.1013498
943, La Salle Parish, 31.7002461, -92.2236667
944, Labette County, 37.2639041, -95.3102505
945, Lac Qui Parle County, 45.0562676, -96.2006981
946, Lackawanna County, 41.4421199, -75.5742467
947, Laclede County, 37.69652349999999, -92.539603
948, Lafayette County, 39.0031288, -93.9878427
949, Lafayette Parish, 30.1895142, -92.02731899999999
950, Lafourche Parish, 29.69522950000001, -90.52578229999999
951, Lagrange County, 41.62887020000001, -85.39627689999999
952, Lake and Peninsula Borough, 58.0458356, -156.5982286
953, Lake County, 42.3689363, -87.8271534
954, Lake of the Woods County, 48.6943855, -94.92654739999999
955, Lamar County, 33.75694, -95.6457951
956, Lamb County, 34.1486153, -102.3463875
957, Lamoille County, 44.64334179999999, -72.6314026
958, Lamoure County, 46.42849759999999, -98.54579509999999
959, Lampasas County, 31.2737682, -98.2212979
960, Lancaster County, 40.0466571, -76.17837390000001
961, Lander County, 40.0510104, -116.9852422
962, Lane County, 43.9610092, -122.6618227
963, Langlade County, 45.220083, -89.01021329999999
964, Lanier County, 31.02912689999999, -83.03613759999999
965, Lapeer County, 43.0482433, -83.1649001
966, Laramie County, 41.42695589999999, -104.8454619
967, Larimer County, 40.6955572, -105.5943388
968, Larue County, 37.51895519999999, -85.7256372
969, Las Animas County, 37.2994909, -104.1001326
970, Lassen County, 40.5394389, -120.7120023
971, Latah County, 46.7360364, -116.6764195
972, Latimer County, 34.835035, -95.3102505
973, Lauderdale County, 34.8840876, -87.658113
974, Laurel County, 37.0693489, -84.1857115
975, Laurens County, 34.5203466, -82.12783999999999
976, Lavaca County, 29.33590539999999, -96.83509989999999
977, Lawrence County, 40.957855, -80.365865
978, Le Flore County, 34.8622042, -94.645035
979, Le Sueur County, 44.461555, -93.9151438
980, Lea County, 32.8968816, -103.3587288
981, Leake County, 32.8073509, -89.4742177
982, Leavenworth County, 39.17130749999999, -95.01824599999999
983, Lebanon County, 40.3666686, -76.5025742
984, Lee County, 26.6630286, -81.9534815
985, Leelanau County, 45.08212260000001, -86.07336339999999
986, Leflore County, 33.5274427, -90.37483540000001
987, Lehigh County, 40.6519679, -75.5742467
988, Lemhi County, 45.0364592, -113.9230554
989, Lenawee County, 41.8433859, -84.01674229999999
990, Lenoir County, 35.2326725, -77.6077865
991, Leon County, 30.4906177, -84.1857115
992, Leslie County, 37.0698286, -83.3789389
993, Letcher County, 37.12535099999999, -82.8640623
994, Levy County, 29.3178545, -82.82097399999999
995, Lewis and Clark County, 47.2963974, -112.4029787
996, Lewis County, 46.6195461, -122.4554639
997, Lexington County, 33.9309651, -81.2518833
998, Liberty County, 30.16335929999999, -94.81059549999999
999, Licking County, 40.1460895, -82.4752757
1000, Limestone County, 34.78000720000001, -86.9423801
1001, Lincoln County, 35.46370280000001, -81.20781640000001
1002, Lincoln Parish, 32.598888, -92.6983868
1003, Linn County, 42.0659844, -91.67606909999999
1004, Lipscomb County, 36.2464455, -100.3497895
1005, Litchfield County, 41.7866294, -73.2765361
1006, Little River County, 33.68089259999999, -94.19234000000002
1007, Live Oak County, 28.342294, -98.04651849999999
1008, Livingston County, 42.6207951, -83.8473015
1009, Livingston Parish, 30.4340146, -90.6773046
1010, Llano County, 30.692528, -98.7481167
1011, Logan County, 40.38996789999999, -83.8473015
1012, Long County, 31.7755541, -81.8224362
1013, Lonoke County, 34.7591647, -91.9099238
1014, Lorain County, 41.4116881, -82.12783999999999
1015, Los Alamos County, 35.84962489999999, -106.3228338
1016, Los Angeles County, 34.05222649999999, -118.2436596
1017, Loudon County, 35.7374411, -84.3121264
1018, Loudoun County, 39.076767, -77.6536125
1019, Louisa County, 37.9925909, -77.973865
1020, Loup County, 41.92513349999999, -99.456155
1021, Love County, 33.98583899999999, -97.2221421
1022, Loving County, 31.88834339999999, -103.6362715
1023, Lowndes County, 30.8600022, -83.2934086
1024, Lubbock County, 33.6753624, -101.7979613
1025, Lucas County, 41.68943879999999, -83.3789389
1026, Luce County, 46.58275119999999, -85.513329
1027, Lumpkin County, 34.5813972, -83.9744262
1028, Luna County, 32.3259122, -107.8583868
1029, Lunenburg County, 36.92614349999999, -78.24761459999999
1030, Luzerne County, 41.1404353, -75.9927652
1031, Lycoming County, 41.2720004, -77.10249019999999
1032, Lyman County, 43.9016694, -99.8124935
1033, Lynchburg City, 37.41375360000001, -79.14224639999999
1034, Lynn County, 33.1446401, -101.7979613
1035, Lyon County, 38.9524739, -119.1390642
1036, Mackinac County, 46.02337199999999, -84.9963081
1037, Macomb County, 42.7168759, -82.82097399999999
1038, Macon County, 39.8949055, -89.0179332
1039, Macoupin County, 39.2375268, -89.9253233
1040, Madera County, 37.251926, -119.6962677
1041, Madison County, 38.9041402, -89.9253233
1042, Madison Parish, 32.4401578, -91.28910359999999
1043, Magoffin County, 37.730555, -83.03613759999999
1044, Mahaska County, 41.32958800000001, -92.6983868
1045, Mahnomen County, 47.3811737, -95.797516
1046, Mahoning County, 40.9871753, -80.7214417
1047, Major County, 36.3479671, -98.5281613
1048, Malheur County, 43.21716, -117.5791892
1049, Manassas City, 38.7509488, -77.47526669999999
1050, Manassas Park City, 38.7840035, -77.4697111
1051, Manatee County, 27.4799195, -82.34518899999999
1052, Manistee County, 44.2444704, -86.32422249999999
1053, Manitowoc County, 44.109588, -87.7752368
1054, Marathon County, 44.850452, -89.8505012
1055, Marengo County, 32.2459085, -87.77633329999999
1056, Maricao, 18.1807902, -66.9799001
1057, Maricopa County, 33.2917968, -112.4291464
1058, Maries County, 38.17386740000001, -91.949021
1059, Marin County, 38.083403, -122.7633036
1060, Marinette County, 45.3581961, -88.0649606
1061, Marion County, 44.8446393, -122.5927411
1062, Mariposa County, 37.48936260000001, -119.9679294
1063, Marlboro County, 34.5582435, -79.6951103
1064, Marquette County, 46.644579, -87.5593823
1065, Marshall County, 34.36522970000001, -86.3376761
1066, Martin County, 27.0804935, -80.4103957
1067, Martinsville City, 36.6915262, -79.8725386
1068, Mason County, 47.42511460000001, -123.1951376
1069, Massac County, 37.24782980000001, -88.7493998
1070, Matagorda County, 28.82048369999999, -95.9832577
1071, Matanuska-Susitna Borough, 62.2599347, -150.1729153
1072, Mathews County, 37.3912302, -76.317414
1073, Maui County, 20.7983626, -156.3319253
1074, Maury County, 35.6195242, -87.14228949999999
1075, Maverick County, 28.7410473, -100.3497895
1076, Mayes County, 36.2322429, -95.3102505
1077, McClain County, 35.0282316, -97.4814163
1078, McCone County, 47.45009129999999, -105.8810733
1079, McCook County, 43.6310744, -97.35165579999999
1080, McCormick County, 33.86551619999999, -82.25832969999999
1081, McCracken County, 37.03306070000001, -88.7108964
1082, McCreary County, 36.69734989999999, -84.4802606
1083, McCulloch County, 31.2016122, -99.2785583
1084, McCurtain County, 34.1481711, -94.81059549999999
1085, McDonald County, 36.617812, -94.315422
1086, McDonough County, 40.38851220000001, -90.6773046
1087, McDowell County, 35.6984405, -82.08429009999999
1088, McDuffie County, 33.5258626, -82.5185837
1089, McHenry County, 42.30399930000001, -88.4016041
1090, McIntosh County, 31.4748147, -81.38393260000001
1091, McKean County, 41.8133351, -78.4751945
1092, McKenzie County, 47.77141789999999, -103.4122495
1093, McKinley County, 35.71524720000001, -108.2377519
1094, McLean County, 40.54784289999999, -88.86469799999999
1095, McLennan County, 31.5182285, -97.179026
1096, McLeod County, 44.8440016, -94.315422
1097, McMinn County, 35.4037048, -84.6479124
1098, McMullen County, 28.3102323, -98.5721016
1099, McNairy County, 35.1183208, -88.55653099999999
1100, McPherson County, 38.3164433, -97.69822719999999
1101, Meade County, 37.9601502, -86.21584969999999
1102, Meagher County, 46.620195, -110.8848271
1103, Mecklenburg County, 35.2632655, -80.8543847
1104, Mecosta County, 43.62010249999999, -85.35496499999999
1105, Medina County, 41.080133, -81.9534815
1106, Meeker County, 45.13531789999999, -94.5150543
1107, Meigs County, 39.0874307, -81.9971108
1108, Mellette County, 43.5169738, -100.7097867
1109, Menard County, 30.9802428, -99.8124935
1110, Mendocino County, 39.5500194, -123.438353
1111, Menifee County, 37.9335368, -83.63484299999999
1112, Menominee County, 45.4995277, -87.5746277
1113, Merced County, 37.2009788, -120.7120023
1114, Mercer County, 40.3028533, -74.7337069
1115, Meriwether County, 33.0561282, -84.68974949999999
1116, Merrick County, 41.2031926, -98.0028892
1117, Merrimack County, 43.28448459999999, -71.6673352
1118, Mesa County, 38.9585381, -108.6175626
1119, Metcalfe County, 37.0032438, -85.64348700000001
1120, Miami County, 40.081473, -84.1857115
1121, Miami-Dade County, 25.5516034, -80.6326916
1122, Middlesex County, 40.4111363, -74.35874729999999
1123, Midland County, 31.8781368, -101.9804613
1124, Mifflin County, 40.652279, -77.6077865
1125, Milam County, 30.80926419999999, -96.9795011
1126, Millard County, 39.0611744, -113.1918021
1127, Mille Lacs County, 45.92284029999999, -93.6218744
1128, Miller County, 33.3335556, -93.86553029999999
1129, Mills County, 41.06244959999999, -95.6457951
1130, Milwaukee County, 43.03879490000001, -87.9065334
1131, Miner County, 44.0643951, -97.69822719999999
1132, Mineral County, 37.65836769999999, -107.0067031
1133, Mingo County, 37.76078010000001, -82.1713632
1134, Minidoka County, 42.8409971, -113.5808126
1135, Minnehaha County, 43.6631787, -96.83509989999999
1136, Missaukee County, 44.366621, -85.02334599999999
1137, Mississippi County, 35.8279728, -90.0746767
1138, Missoula County, 47.0240503, -113.6869923
1139, Mitchell County, 36.0277763, -82.1496049
1140, Mobile County, 30.6082227, -88.24611829999999
1141, Modoc County, 41.4565165, -120.629366
1142, Moffat County, 40.6138379, -108.2377519
1143, Mohave County, 35.2143346, -113.7632828
1144, Moniteau County, 38.5827118, -92.5792482
1145, Monmouth County, 40.2589455, -74.12399599999999
1146, Mono County, 37.9218608, -118.9528645
1147, Monona County, 42.001594, -95.9832577
1148, Monongalia County, 39.66958489999999, -79.96403389999999
1149, Monroe County, 43.2841246, -77.7452081
1150, Montague County, 33.6460993, -97.69822719999999
1151, Montcalm County, 43.3057341, -85.1894045
1152, Monterey County, 36.3136201, -121.3541631
1153, Montezuma County, 37.3257517, -108.6175626
1154, Montgomery County, 39.15474260000001, -77.2405153
1155, Montmorency County, 45.07427939999999, -84.1403141
1156, Montour County, 41.02623029999999, -76.6874701
1157, Montrose County, 38.468304, -108.1428669
1158, Moody County, 43.97793029999999, -96.663812
1159, Moore County, 35.3674493, -79.4703885
1160, Mora County, 35.9742154, -105.3300508
1161, Morehouse Parish, 32.796224, -91.7538817
1162, Morgan County, 41.0576176, -111.6183755
1163, Morrill County, 41.6552418, -102.989615
1164, Morris County, 40.8336038, -74.54632819999999
1165, Morrison County, 45.9846475, -94.052545
1166, Morrow County, 40.5303751, -82.8007993
1167, Morton County, 46.6683872, -101.1621736
1168, Motley County, 34.1280332, -100.7097867
1169, Moultrie County, 39.6020543, -88.59517509999999
1170, Mountrail County, 48.2169859, -102.326433
1171, Mower County, 43.6824988, -92.6983868
1172, Muhlenberg County, 37.17725009999999, -87.14228949999999
1173, Multnomah County, 45.5145659, -122.5863212
1174, Municipality of Anchorage, 61.2180556, -149.9002778
1175, Murray County, 34.7928029, -84.7315563
1176, Muscatine County, 41.5156913, -91.13530200000001
1177, Muscogee County, 32.4794133, -84.8984775
1178, Muskegon County, 43.294941, -86.1261055
1179, Muskingum County, 39.9478393, -81.9534815
1180, Muskogee County, 35.7111198, -95.3102505
1181, Musselshell County, 46.4218783, -108.4064758
1182, Nacogdoches County, 31.6353071, -94.645035
1183, Nance County, 41.3995947, -98.04651849999999
1184, Nantucket County, 41.2834704, -70.099451
1185, Napa County, 38.5024689, -122.2653887
1186, Nash County, 35.9597948, -77.973865
1187, Nassau County, 40.6546145, -73.55941279999999
1188, Natchitoches Parish, 31.68012290000001, -93.17796589999999
1189, Natrona County, 42.8313837, -106.912251
1190, Navajo County, 35.4019765, -110.1402594
1191, Navarro County, 32.09918779999999, -96.49297969999999
1192, Nelson County, 37.7478599, -78.8835548
1193, Nemaha County, 40.40747450000001, -95.81428849999999
1194, Neosho County, 37.6694426, -95.4638659
1195, Neshoba County, 32.8057157, -89.1705998
1196, Ness County, 38.4769509, -99.99122539999999
1197, Nevada County, 39.1346666, -121.1710389
1198, New Castle County, 39.5392979, -75.667356
1199, New Hanover County, 34.2154913, -77.88245959999999
1200, New Haven County, 41.3266911, -72.8042797
1201, New Kent County, 37.4653757, -76.964306
1202, New London County, 41.5185189, -72.0468164
1203, New Madrid County, 36.5227538, -89.77553379999999
1204, New York County, 40.7830603, -73.9712488
1205, Newaygo County, 43.55935820000001, -85.76666449999999
1206, Newberry County, 34.309094, -81.6035062
1207, Newport County, 41.4901024, -71.3128285
1208, Newport News City, 37.0870821, -76.4730122
1209, Newton County, 33.5544296, -83.8473015
1210, Nez Perce County, 46.41818139999999, -116.622876
1211, Niagara County, 43.31194959999999, -78.74762079999999
1212, Nicholas County, 38.33077139999999, -80.7657804
1213, Nicollet County, 44.3572855, -94.27436279999999
1214, Niobrara County, 43.0212373, -104.4723301
1215, Noble County, 41.4277391, -85.35496499999999
1216, Nobles County, 43.71969319999999, -95.81428849999999
1217, Nodaway County, 40.2907281, -94.81059549999999
1218, Nolan County, 32.3818737, -100.3497895
1219, Nome Census Area, 64.8329974, -164.2566019
1220, Norfolk City, 36.8507689, -76.28587259999999
1221, Norfolk County, 42.17668, -71.1448516
1222, Norman County, 47.34168049999999, -96.5313092
1223, North Slope Borough, 69.05787579999999, -152.8628274
1224, Northampton County, 40.77492830000001, -75.294569
1225, Northumberland County, 40.86743389999999, -76.6874701
1226, Northwest Arctic Borough, 67.2872981, -160.0342625
1227, Norton City, 41.02922170000001, -81.63817949999999
1228, Norton County, 39.7959566, -99.99122539999999
1229, Nottoway County, 37.1148487, -78.0195387
1230, Nowata County, 36.7344388, -95.6457951
1231, Noxubee County, 33.1605608, -88.55653099999999
1232, Nuckolls County, 40.110932, -98.04651849999999
1233, Nueces County, 27.7693351, -97.4814163
1234, Nye County, 38.58071109999999, -116.0413889
1235, Oakland County, 42.59219239999999, -83.33618799999999
1236, Obion County, 36.3469439, -89.1705998
1237, Obrien County, 43.1131245, -95.6457951
1238, Ocean County, 39.96525529999999, -74.3118212
1239, Oceana County, 43.64347599999999, -86.2895052
1240, Ochiltree County, 36.2921544, -100.8000051
1241, Oconee County, 33.82319879999999, -83.4430118
1242, Oconto County, 44.8332991, -88.0118473
1243, Ogemaw County, 44.32707409999999, -84.1857115
1244, Ogle County, 41.9969811, -89.3226954
1245, Oglethorpe County, 33.9119731, -83.03613759999999
1246, Ohio County, 37.5108523, -86.8220341
1247, Okaloosa County, 30.57734009999999, -86.6611083
1248, Okanogan County, 48.58968309999999, -119.6522139
1249, Okeechobee County, 27.3462015, -80.89865019999999
1250, Okfuskee County, 35.4878871, -96.3226072
1251, Oklahoma County, 35.60383230000001, -97.35165579999999
1252, Okmulgee County, 35.6795873, -95.9832577
1253, Oktibbeha County, 33.3886689, -88.90306
1254, Oldham County, 38.3560025, -85.47880649999999
1255, Oliver County, 47.1217918, -101.342985
1256, Olmsted County, 43.99517900000001, -92.38136209999999
1257, Oneida County, 43.2371798, -75.4344727
1258, Onondaga County, 43.026819, -76.17837390000001
1259, Onslow County, 34.6540094, -77.4701972
1260, Ontario County, 42.85098379999999, -77.2864879
1261, Ontonagon County, 46.8727913, -89.31311889999999
1262, Orange County, 33.7174708, -117.8311428
1263, Orangeburg County, 33.5635155, -81.0754657
1264, Oregon County, 36.6870089, -91.44346900000001
1265, Orleans County, 43.2524601, -78.2308005
1266, Orleans Parish, 29.95106579999999, -90.0715323
1267, Osage County, 36.6189367, -96.2375947
1268, Osborne County, 39.4051157, -98.7481167
1269, Osceola County, 28.1019838, -81.0754657
1270, Oscoda County, 44.6278903, -84.1857115
1271, Oswego County, 43.482533, -76.17837390000001
1272, Otero County, 32.63417159999999, -105.5943388
1273, Otoe County, 40.675971, -96.11029429999999
1274, Otsego County, 42.57797790000001, -75.06111469999999
1275, Ottawa County, 42.95302299999999, -86.0937312
1276, Otter Tail County, 46.5189435, -95.8935983
1277, Ouachita County, 33.5828512, -92.9375739
1278, Ouachita Parish, 32.4271852, -92.2236667
1279, Ouray County, 38.2016133, -107.763621
1280, Outagamie County, 44.46365449999999, -88.4016041
1281, Overton County, 36.3880346, -85.31362179999999
1282, Owen County, 38.4965261, -84.8150781
1283, Owsley County, 37.4294933, -83.7199136
1284, Owyhee County, 42.6827359, -116.0622892
1285, Oxford County, 44.4906897, -70.7840564
1286, Ozark County, 36.6720061, -92.38136209999999
1287, Ozaukee County, 43.36771299999999, -87.927309
1288, Pacific County, 46.5180824, -123.8264512
1289, Page County, 38.63013309999999, -78.52065
1290, Palm Beach County, 26.6514503, -80.2767327
1291, Palo Alto County, 43.1580878, -94.645035
1292, Palo Pinto County, 32.7511956, -98.31041839999999
1293, Pamlico County, 35.1337865, -76.6874701
1294, Panola County, 32.1920035, -94.315422
1295, Park County, 39.0897928, -105.5943388
1296, Parke County, 39.69929459999999, -87.14228949999999
1297, Parker County, 32.7415519, -97.87216
1298, Parmer County, 34.4604292, -102.7135121
1299, Pasco County, 28.3232418, -82.4319405
1300, Pasquotank County, 36.2927068, -76.317414
1301, Passaic County, 41.1231647, -74.35874729999999
1302, Patillas, 18.0063544, -66.0157194
1303, Patrick County, 36.6886252, -80.32131059999999
1304, Paulding County, 33.9142037, -84.8984775
1305, Pawnee County, 36.2918339, -96.7065914
1306, Payette County, 44.02051850000001, -116.7205398
1307, Payne County, 36.1449988, -97.0068393
1308, Peach County, 32.5892926, -83.8260884
1309, Pearl River County, 30.8034081, -89.62516459999999
1310, Pecos County, 30.8253214, -102.6216211
1311, Pembina County, 48.7199939, -97.44879639999999
1312, Pemiscot County, 36.2195399, -89.81303559999999
1313, Pend Oreille County, 48.43590649999999, -117.3173375
1314, Pender County, 34.5170729, -77.8367282
1315, Pendleton County, 38.7283386, -84.3962535
1316, Pennington County, 43.8901111, -102.2547919
1317, Penobscot County, 45.3230777, -68.5806727
1318, Peoria County, 40.7156396, -89.77553379999999
1319, Pepin County, 44.6451183, -92.02731899999999
1320, Perkins County, 40.7922353, -101.4339148
1321, Perquimans County, 36.1329763, -76.4100267
1322, Perry County, 40.371376, -77.2405153
1323, Pershing County, 40.5685952, -118.4863963
1324, Person County, 36.35282209999999, -78.9288242
1325, Petersburg Borough, 56.8124267, -132.9554473
1326, Petersburg City, 37.2279279, -77.40192669999999
1327, Petroleum County, 47.1565346, -108.3203282
1328, Pettis County, 38.6893153, -93.33889169999999
1329, Phelps County, 37.8806538, -91.7538817
1330, Philadelphia County, 39.9525839, -75.1652215
1331, Phillips County, 40.53713339999999, -102.3463875
1332, Piatt County, 40.05435260000001, -88.55653099999999
1333, Pickaway County, 39.687828, -82.99316069999999
1334, Pickens County, 34.9046217, -82.6483442
1335, Pickett County, 36.5541091, -85.14793639999999
1336, Pierce County, 47.0675877, -122.1295269
1337, Pike County, 41.3361875, -75.06111469999999
1338, Pima County, 32.057499, -111.6660725
1339, Pinal County, 32.8162061, -111.2845025
1340, Pine County, 46.0983087, -92.80707079999999
1341, Pinellas County, 27.876394, -82.7778579
1342, Pipestone County, 43.99733550000001, -96.3226072
1343, Piscataquis County, 45.70498569999999, -69.3375071
1344, Pitkin County, 39.15910100000001, -106.8178377
1345, Pitt County, 35.5589221, -77.4242972
1346, Pittsburg County, 34.9879281, -95.81428849999999
1347, Pittsylvania County, 36.7440186, -79.4703885
1348, Piute County, 38.3997408, -112.1430215
1349, Placer County, 39.0915751, -120.8039474
1350, Plaquemines Parish, 29.3240045, -89.4742177
1351, Platte County, 39.34756489999999, -94.7691586
1352, Pleasants County, 39.3761707, -81.1416691
1353, Plumas County, 39.9926832, -120.8039474
1354, Plymouth County, 41.9120406, -70.7168469
1355, Pocahontas County, 38.3101706, -80.0087746
1356, Poinsett County, 35.6078586, -90.6393702
1357, Pointe Coupee Parish, 30.6102166, -91.5983959
1358, Polk County, 27.8617347, -81.6911559
1359, Pondera County, 48.2321517, -112.2886317
1360, Pontotoc County, 34.7685043, -96.663812
1361, Pope County, 45.5472257, -95.4363717
1362, Poquoson City, 37.1223664, -76.3457773
1363, Portage County, 41.18875719999999, -81.2518833
1364, Porter County, 41.5248577, -87.10237459999999
1365, Portsmouth City, 36.8354258, -76.2982742
1366, Posey County, 38.0020359, -87.89424509999999
1367, Pottawatomie County, 39.3976344, -96.3226072
1368, Pottawattamie County, 41.3911501, -95.4777811
1369, Potter County, 35.40437300000001, -101.9804613
1370, Powder River County, 45.2968361, -105.5346557
1371, Powell County, 37.8380647, -83.8260884
1372, Power County, 42.7528492, -112.7684521
1373, Poweshiek County, 41.6530119, -92.539603
1374, Powhatan County, 37.56432089999999, -77.88245959999999
1375, Prairie County, 34.7636336, -91.5983959
1376, Pratt County, 37.5691719, -98.7481167
1377, Preble County, 39.7778251, -84.68974949999999
1378, Prentiss County, 34.6324369, -88.5178518
1379, Presidio County, 29.9480666, -104.1001326
1380, Presque Isle County, 45.5729299, -83.597821
1381, Preston County, 39.4372135, -79.6502105
1382, Price County, 45.7511666, -90.4622144
1383, Prince Edward County, 44.0003383, -77.25049369999999
1384, Prince George County, 38.78492110000001, -76.8720961
1385, Prince George's County, 38.78492110000001, -76.8720961
1386, Prince of Wales-Outer Ketchikan Borough, 55.3242244, -132.6044581
1387, Prince William County, 38.7838939, -77.6077865
1388, Providence County, 41.8881582, -71.4774291
1389, Prowers County, 37.84337560000001, -102.2547919
1390, Pueblo County, 38.2528534, -104.4723301
1391, Pulaski County, 34.75386150000001, -92.2236667
1392, Pushmataha County, 34.4820384, -95.3102505
1393, Putnam County, 41.4351069, -73.7948516
1394, Quay County, 34.9569924, -103.7289167
1395, Queen Anne's County, 39.0263572, -76.1319953
1396, Queens County, 40.7282239, -73.7948516
1397, Quitman County, 31.8485969, -84.981754
1398, Rabun County, 34.90272859999999, -83.3789389
1399, Racine County, 42.727213, -88.0326922
1400, Radford City, 37.13179239999999, -80.5764477
1401, Rains County, 32.9009129, -95.77212039999999
1402, Raleigh County, 37.7381597, -81.2518833
1403, Ralls County, 39.5582351, -91.5983959
1404, Ramsey County, 44.9963986, -93.0615978
1405, Randall County, 34.9020377, -101.7979613
1406, Randolph County, 35.7449531, -79.8296743
1407, Rankin County, 32.26536679999999, -89.9253233
1408, Ransom County, 46.4937656, -97.6257919
1409, Rapides Parish, 31.1461104, -92.539603
1410, Rappahannock County, 38.67623270000001, -78.1564432
1411, Ravalli County, 46.0174639, -114.1817424
1412, Rawlins County, 39.8600904, -101.0711758
1413, Ray County, 39.33547910000001, -93.9878427
1414, Reagan County, 31.2903569, -101.5248055
1415, Real County, 29.8851459, -99.8124935
1416, Red Lake County, 47.8770338, -96.13456409999999
1417, Red River County, 33.6072302, -94.976654
1418, Red River Parish, 32.08429489999999, -93.3792057
1419, Red Willow County, 40.2353963, -100.5296115
1420, Redwood County, 44.3516109, -95.3102505
1421, Reeves County, 31.4307975, -103.7289167
1422, Refugio County, 28.3465339, -97.1359377
1423, Reno County, 37.9569553, -98.04651849999999
1424, Rensselaer County, 42.673664, -73.55941279999999
1425, Renville County, 44.66744449999999, -94.976654
1426, Republic County, 39.807989, -97.69822719999999
1427, Reynolds County, 37.378663, -90.9820668
1428, Rhea County, 35.5927914, -84.981754
1429, Rice County, 44.2749995, -93.33889169999999
1430, Rich County, 41.5629707, -111.1891151
1431, Richardson County, 40.0898025, -95.6457951
1432, Richland County, 34.0412165, -80.9428911
1433, Richland Parish, 32.3887281, -91.7928402
1434, Richmond City, 37.5407246, -77.4360481
1435, Richmond County, 33.32053389999999, -82.08429009999999
1436, Riley County, 39.3686475, -96.83509989999999
1437, Ringgold County, 40.7973811, -94.315422
1438, Rio Arriba County, 36.6162892, -106.7234639
1439, Rio Blanco County, 39.9814297, -108.2377519
1440, Rio Grande County, 37.5749508, -106.4405872
1441, Ripley County, 39.09868110000001, -85.2308414
1442, Ritchie County, 39.1822303, -81.0312989
1443, Riverside County, 33.9532966, -117.3961192
1444, Roane County, 35.836117, -84.56414699999999
1445, Roanoke City, 37.2709704, -79.9414266
1446, Roanoke County, 37.2467123, -80.1205256
1447, Roberts County, 35.8540979, -100.8903099
1448, Robertson County, 36.5250666, -86.86218269999999
1449, Robeson County, 34.6383858, -79.1096901
1450, Rock County, 42.6251506, -89.0179332
1451, Rock Island County, 41.39982089999999, -90.563609
1452, Rockbridge County, 37.8062214, -79.5153773
1453, Rockcastle County, 37.3743065, -84.3121264
1454, Rockdale County, 33.6752492, -84.0378894
1455, Rockingham County, 38.5825919, -78.8835548
1456, Rockland County, 41.1489458, -73.98300290000002
1457, Rockwall County, 32.8721646, -96.365157
1458, Roger Mills County, 35.616176, -99.634135
1459, Rogers County, 36.3898068, -95.6457951
1460, Rolette County, 48.6981517, -99.87911659999999
1461, Rooks County, 39.3638509, -99.2785583
1462, Roosevelt County, 33.9538388, -103.3587288
1463, Roscommon County, 44.3516109, -84.68974949999999
1464, Roseau County, 48.7249475, -95.9820524
1465, Rosebud County, 46.39048359999999, -106.5944313
1466, Ross County, 39.3584253, -82.99316069999999
1467, Routt County, 40.4771623, -107.1011931
1468, Rowan County, 35.6303455, -80.54384499999999
1469, Runnels County, 31.87145080000001, -99.99122539999999
1470, Rush County, 39.6481768, -85.52002399999999
1471, Rusk County, 45.51936490000001, -91.1563029
1472, Russell County, 32.3552497, -85.1894045
1473, Rutherford County, 35.7724263, -86.3376761
1474, Rutland County, 43.6448675, -72.99329689999999
1475, Sabine County, 31.2974233, -93.8248241
1476, Sabine Parish, 31.4893252, -93.5003454
1477, Sac County, 38.47467, -121.3541631
1478, Sacramento County, 38.47467, -121.3541631
1479, Sagadahoc County, 43.8171265, -69.7825531
1480, Saginaw County, 43.40442530000001, -84.01674229999999
1481, Saguache County, 38.0019623, -106.3463791
1482, Salem City, 40.0530105, -111.673536
1483, Salem County, 39.5848777, -75.3878525
1484, Saline County, 34.5708215, -92.539603
1485, Salt Lake County, 40.64418799999999, -111.9522491
1486, Saluda County, 34.008713, -81.73494199999999
1487, Sampson County, 34.91975480000001, -78.3842227
1488, San Augustine County, 31.4699363, -94.15137639999999
1489, San Benito County, 36.5760883, -120.9876321
1490, San Bernardino County, 34.9592083, -116.419389
1491, San Diego County, 32.71573049999999, -117.1610966
1492, San Francisco County, 37.7749295, -122.4194155
1493, San Jacinto County, 30.51876870000001, -95.1432068
1494, San Joaquin County, 37.9175935, -121.1710389
1495, San Juan, 18.4655394, -66.1057355
1496, San Juan County, 48.61180350000001, -122.9602621
1497, San Luis Obispo County, 35.3102296, -120.4357631
1498, San Mateo County, 37.4337342, -122.4014193
1499, San Miguel County, 37.9781237, -108.1428669
1500, San Patricio County, 27.9999695, -97.5247243
1501, San Saba County, 31.238909, -98.7481167
1502, Sanborn County, 44.0403291, -98.04651849999999
1503, Sanders County, 47.6109463, -115.1316944
1504, Sandoval County, 35.6020667, -106.7234639
1505, Sandusky County, 41.3559092, -83.12200740000002
1506, Sangamon County, 39.73373530000001, -89.62516459999999
1507, Sanilac County, 43.4069041, -82.7347142
1508, Sanpete County, 39.3090085, -111.5706786
1509, Santa Barbara County, 34.4208321, -119.6982057
1510, Santa Clara County, 37.3336581, -121.8907041
1511, Santa Cruz County, 37.0453988, -121.9579578
1512, Santa Fe County, 35.3653705, -105.9699878
1513, Santa Isabel, 18.0046774, -66.3897939
1514, Santa Rosa County, 30.76899069999999, -86.9824288
1515, Sarasota County, 27.1995986, -82.34518899999999
1516, Saratoga County, 43.0324245, -73.93598209999999
1517, Sargent County, 46.10891950000001, -97.61524179999999
1518, Sarpy County, 41.0744042, -96.19513200000002
1519, Sauk County, 43.4066375, -89.9253233
1520, Saunders County, 41.16856300000001, -96.663812
1521, Sawyer County, 45.8220169, -91.16858859999999
1522, Schenectady County, 42.8493445, -73.98300290000002
1523, Schleicher County, 30.9234947, -100.5296115
1524, Schley County, 32.2736136, -84.3121264
1525, Schoharie County, 42.65503349999999, -74.4994517
1526, Schoolcraft County, 46.0693515, -86.1903622
1527, Schuyler County, 42.3796425, -76.8720961
1528, Schuylkill County, 40.6873058, -76.17837390000001
1529, Scioto County, 38.861065, -82.99316069999999
1530, Scotland County, 34.8451203, -79.4703885
1531, Scott County, 41.6393199, -90.6393702
1532, Scotts Bluff County, 41.8140936, -103.6362715
1533, Screven County, 32.7074673, -81.6035062
1534, Scurry County, 32.6937844, -100.8903099
1535, Searcy County, 35.9721, -92.6983868
1536, Sebastian County, 35.2260397, -94.315422
1537, Sedgwick County, 37.6537367, -97.5247243
1538, Seminole County, 28.7131688, -81.20781640000001
1539, Seneca County, 42.7651891, -76.8720961
1540, Sequatchie County, 35.3469428, -85.39627689999999
1541, Sequoyah County, 35.51553219999999, -94.7691586
1542, Sevier County, 35.8271682, -83.5070203
1543, Seward County, 37.221014, -100.8903099
1544, Shackelford County, 32.8242297, -99.2785583
1545, Shannon County, 37.2028249, -91.44346900000001
1546, Sharkey County, 32.9860902, -90.8294002
1547, Sharp County, 36.16759740000001, -91.44346900000001
1548, Shasta County, 40.7908864, -121.8474493
1549, Shawano County, 44.76839090000001, -88.7108964
1550, Shawnee County, 39.0928449, -95.81428849999999
1551, Sheboygan County, 43.7173595, -87.9284802
1552, Shelby County, 35.1268552, -89.9253233
1553, Shenandoah County, 38.8413778, -78.5660852
1554, Sherburne County, 45.4644612, -93.7298983
1555, Sheridan County, 44.787904, -106.925973
1556, Sherman County, 45.4122013, -120.753042
1557, Shiawassee County, 42.949754, -84.1857115
1558, Shoshone County, 47.1746948, -115.9104676
1559, Sibley County, 44.55020890000001, -94.15137639999999
1560, Sierra County, 39.5532845, -120.2512728
1561, Silver Bow County, 45.8804293, -112.5843056
1562, Simpson County, 36.7772014, -86.6207943
1563, Sioux County, 43.08699360000001, -96.15269850000001
1564, Siskiyou County, 41.7743261, -122.5770126
1565, Sitka Borough, 57.0530556, -135.33
1566, Skagit County, 48.4241961, -121.7114362
1567, Skagway Borough, 59.45833329999999, -135.3138889
1568, Skamania County, 45.9428524, -121.8962257
1569, Slope County, 46.4129398, -103.5021012
1570, Smith County, 32.33525049999999, -95.3102505
1571, Smyth County, 36.8687921, -81.5596427
1572, Snohomish County, 48.0329979, -121.8339472
1573, Snyder County, 40.75074800000001, -77.0564464
1574, Socorro County, 33.8837087, -106.7234639
1575, Solano County, 38.31049689999999, -121.9017954
1576, Somerset County, 40.5292099, -74.64004320000001
1577, Somervell County, 32.2547696, -97.7416703
1578, Sonoma County, 38.5779555, -122.9888319
1579, Southampton County, 36.6788512, -77.10249019999999
1580, Southeast Fairbanks Census Area, 63.9603869, -143.6296998
1581, Spalding County, 33.2636732, -84.3121264
1582, Spartanburg County, 34.860551, -81.9534815
1583, Spencer County, 38.0123167, -85.31362179999999
1584, Spink County, 44.844023, -98.3516918
1585, Spokane County, 47.65869300000001, -117.4225481
1586, Spotsylvania County, 38.204165, -77.6077865
1587, St Bernard Parish, 29.879791, -89.3226954
1588, St Charles County, 38.7338885, -90.8294002
1589, St Charles Parish, 29.9273657, -90.3371889
1590, St Clair County, 43.016179, -82.6483442
1591, St Croix County, 45.04978439999999, -92.3875695
1592, St Francis County, 34.99265330000001, -90.7152749
1593, St Francois County, 37.7652755, -90.4879916
1594, St Helena Parish, 30.8021866, -90.6773046
1595, St James Parish, 30.0179292, -90.7913227
1596, St John the Baptist Parish, 30.1118331, -90.4879916
1597, St Johns County, 29.9719419, -81.42789839999999
1598, St Joseph County, 41.6228085, -86.3376761
1599, St Landry Parish, 30.6036535, -92.0665197
1600, St Lawrence County, 44.4473142, -74.930206
1601, St Louis City, 38.62700249999999, -90.19940419999999
1602, St Louis County, 38.61030230000001, -90.4125181
1603, St Lucie County, 27.3225563, -80.54384499999999
1604, St Martin Parish, 30.2395901, -91.7538817
1605, St Mary Parish, 29.502976, -91.44346900000001
1606, St Mary's County, 38.1060259, -76.3637285
1607, St Tammany Parish, 30.4357418, -89.9253233
1608, St. Charles County, 38.7338885, -90.8294002
1609, St. Charles Parish, 29.9273657, -90.3371889
1610, St. Clair County, 43.016179, -82.6483442
1611, St. Francis County, 34.99265330000001, -90.7152749
1612, St. James Parish, 30.0179292, -90.7913227
1613, St. John the Baptist Parish, 30.1118331, -90.4879916
1614, St. Johns County, 29.9719419, -81.42789839999999
1615, St. Joseph County, 41.6228085, -86.3376761
1616, St. Landry Parish, 30.6036535, -92.0665197
1617, St. Lawrence County, 44.4473142, -74.930206
1618, St. Louis City, 38.62700249999999, -90.19940419999999
1619, St. Louis County, 38.61030230000001, -90.4125181
1620, St. Lucie County, 27.3225563, -80.54384499999999
1621, St. Mary Parish, 29.502976, -91.44346900000001
1622, St. Mary's County, 38.1060259, -76.3637285
1623, St. Tammany Parish, 30.4357418, -89.9253233
1624, Stafford County, 38.43345660000001, -77.4242972
1625, Stanislaus County, 37.5090711, -120.9876321
1626, Stanley County, 44.3386264, -100.8000051
1627, Stanly County, 35.30145540000001, -80.23213129999999
1628, Stanton County, 41.93299950000001, -97.179026
1629, Stark County, 40.8684676, -81.2518833
1630, Starke County, 41.2715616, -86.6207943
1631, Starr County, 26.6215167, -98.7481167
1632, Staunton City, 38.149576, -79.0716958
1633, Ste Genevieve County, 37.8934532, -90.2244662
1634, Stearns County, 45.5844792, -94.5865603
1635, Steele County, 43.9758523, -93.17796589999999
1636, Stephens County, 34.54589979999999, -83.2934086
1637, Stephenson County, 42.31448899999999, -89.62516459999999
1638, Sterling County, 31.78149299999999, -101.0711758
1639, Steuben County, 42.321027, -77.3783789
1640, Stevens County, 48.45582489999999, -117.9059909
1641, Stewart County, 32.1141344, -84.8150781
1642, Stillwater County, 45.70010959999999, -109.3922403
1643, Stoddard County, 36.8680558, -89.9253233
1644, Stokes County, 36.42443960000001, -80.23213129999999
1645, Stone County, 36.77488819999999, -93.4599326
1646, Stonewall County, 33.1114912, -100.1703257
1647, Storey County, 39.4089847, -119.5571677
1648, Story County, 42.1040438, -93.5003454
1649, Strafford County, 43.238329, -71.0236044
1650, Stutsman County, 46.939184, -98.99091390000001
1651, Sublette County, 42.8138723, -109.7591675
1652, Suffolk City, 36.7282054, -76.5835621
1653, Suffolk County, 40.98487840000001, -72.61511689999999
1654, Sullivan County, 36.49331469999999, -82.34518899999999
1655, Sully County, 44.77976469999999, -100.0681792
1656, Summers County, 37.58120619999999, -80.8543847
1657, Summit County, 41.0918991, -81.5596427
1658, Sumner County, 36.4718084, -86.49965460000001
1659, Sumter County, 28.6747526, -82.08429009999999
1660, Sunflower County, 33.526164, -90.6773046
1661, Surry County, 36.3743453, -80.6770787
1662, Susquehanna County, 41.745553, -75.8069082
1663, Sussex County, 41.1288481, -74.6868815
1664, Sutter County, 39.0219764, -121.6739371
1665, Sutton County, 30.5598827, -100.5296115
1666, Suwannee County, 30.24850959999999, -82.99316069999999
1667, Swain County, 35.4328955, -83.46435509999999
1668, Sweet Grass County, 45.76727959999999, -109.8979907
1669, Sweetwater County, 41.8519395, -109.1880047
1670, Swift County, 45.2315651, -95.71960419999999
1671, Swisher County, 34.5532757, -101.7979613
1672, Switzerland County, 38.8419394, -85.0649071
1673, Talbot County, 38.7803973, -76.1319953
1674, Taliaferro County, 33.56978780000001, -82.8855961
1675, Talladega County, 33.4231716, -86.1344697
1676, Tallahatchie County, 33.9302578, -90.1869644
1677, Tallapoosa County, 32.92012440000001, -85.84862360000001
1678, Tama County, 42.1292592, -92.539603
1679, Taney County, 36.6576378, -93.0175712
1680, Tangipahoa Parish, 30.6194521, -90.37483540000001
1681, Taos County, 36.43587179999999, -105.5943388
1682, Tarrant County, 32.7732044, -97.35165579999999
1683, Tate County, 34.6413971, -89.9626799
1684, Tattnall County, 32.06345760000001, -82.08429009999999
1685, Taylor County, 32.2455088, -99.8124935
1686, Tazewell County, 40.5522078, -89.4742177
1687, Tehama County, 40.0982197, -122.174605
1688, Telfair County, 31.8907647, -82.99316069999999
1689, Teller County, 38.86115789999999, -105.1726816
1690, Tensas Parish, 32.07721799999999, -91.28910359999999
1691, Terrebonne Parish, 29.2299682, -90.7532809
1692, Terrell County, 30.23486109999999, -102.1632718
1693, Terry County, 33.0909654, -102.3463875
1694, Teton County, 43.853632, -110.6314491
1695, Texas County, 37.3673645, -91.9099238
1696, Thayer County, 40.1460895, -97.5247243
1697, Thomas County, 30.8417409, -83.8473015
1698, Throckmorton County, 33.1814565, -99.2785583
1699, Thurston County, 46.86457470000001, -122.7695986
1700, Tift County, 31.42055969999999, -83.54965659999999
1701, Tillamook County, 45.5293478, -123.7052374
1702, Tillman County, 34.4478348, -98.92453429999999
1703, Tioga County, 42.1256317, -76.3637285
1704, Tippah County, 34.76880970000001, -88.86469799999999
1705, Tippecanoe County, 40.34697310000001, -86.8220341
1706, Tipton County, 35.5217179, -89.7379958
1707, Tishomingo County, 34.7615024, -88.24611829999999
1708, Titus County, 33.2493126, -94.976654
1709, Toa Alta, 18.3882823, -66.2482237
1710, Toa Baja, 18.4444709, -66.2543293
1711, Todd County, 46.0307728, -94.8315488
1712, Tolland County, 41.8418987, -72.37846789999999
1713, Tom Green County, 31.3839017, -100.439656
1714, Tompkins County, 42.4575747, -76.5488232
1715, Tooele County, 40.507092, -113.0011989
1716, Toole County, 48.6974247, -111.6408212
1717, Toombs County, 32.0795072, -82.34518899999999
1718, Torrance County, 34.6784317, -105.9699878
1719, Towner County, 48.7485974, -99.2761104
1720, Towns County, 34.92082140000001, -83.7199136
1721, Traill County, 47.4636775, -97.1256368
1722, Transylvania County, 35.21905339999999, -82.7778579
1723, Traverse County, 45.8030256, -96.365147
1724, Travis County, 30.2097015, -97.69822719999999
1725, Treasure County, 46.2106667, -107.2586097
1726, Trego County, 38.99003160000001, -99.8124935
1727, Trempealeau County, 44.23975919999999, -91.366216
1728, Treutlen County, 32.3870233, -82.5834947
1729, Trigg County, 36.8473642, -87.77633329999999
1730, Trimble County, 38.6013284, -85.31362179999999
1731, Trinity County, 40.6329485, -123.0622553
1732, Tripp County, 43.22364459999999, -99.72326729999999
1733, Troup County, 33.0698575, -85.02334599999999
1734, Trousdale County, 36.39638499999999, -86.15482689999999
1735, Trujillo Alto, 18.3546719, -66.0073876
1736, Trumbull County, 41.30649839999999, -80.7214417
1737, Tucker County, 39.10838059999999, -79.6502105
1738, Tulare County, 36.1341739, -118.8596804
1739, Tulsa County, 36.1593471, -95.94097099999999
1740, Tunica County, 34.6407083, -90.4125181
1741, Tuolumne County, 38.029655, -119.9740534
1742, Turner County, 31.6976531, -83.63484299999999
1743, Tuscaloosa County, 33.32276529999999, -87.460397
1744, Tuscarawas County, 40.3978972, -81.42789839999999
1745, Tuscola County, 43.5301144, -83.5070203
1746, Twiggs County, 32.68356, -83.46435509999999
1747, Twin Falls County, 42.335252, -114.6758916
1748, Tyler County, 30.73244469999999, -94.315422
1749, Tyrrell County, 35.8925537, -76.17837390000001
1750, Uinta County, 41.2107397, -110.6168921
1751, Uintah County, 40.1069499, -109.3783206
1752, Ulster County, 41.8586493, -74.3118212
1753, Umatilla County, 45.7750424, -118.7606453
1754, Unicoi County, 36.073032, -82.5185837
1755, Union County, 34.9338651, -80.54384499999999
1756, Union Parish, 32.7859102, -92.38136209999999
1757, Upshur County, 32.7099747, -94.976654
1758, Upson County, 32.9047684, -84.3121264
1759, Upton County, 31.33848429999999, -101.9804613
1760, Utah County, 40.0966287, -111.5706786
1761, Uvalde County, 29.3342663, -99.8124935
1762, Val Verde County, 29.86876819999999, -101.1617356
1763, Valdez-Cordova Census Area, 61.4787707, -144.1147196
1764, Valencia County, 34.6743674, -106.6291304
1765, Valley County, 44.92046689999999, -115.7926381
1766, Van Buren County, 42.2459665, -86.0121573
1767, Van Wert County, 40.871234, -84.56414699999999
1768, Van Zandt County, 32.4936974, -95.81428849999999
1769, Vance County, 36.3479057, -78.4297187
1770, Vanderburgh County, 38.0806099, -87.5791287
1771, Venango County, 41.3896611, -79.8296743
1772, Ventura County, 34.3704884, -119.1390642
1773, Vermilion County, 40.122469, -87.697554
1774, Vermilion Parish, 29.8601413, -92.38136209999999
1775, Vermillion County, 40.122469, -87.697554
1776, Vernon County, 43.55769679999999, -90.8294002
1777, Vernon Parish, 31.1320009, -93.17796589999999
1778, Victoria County, 28.7712909, -97.0068393
1779, Vigo County, 39.41653819999999, -87.42075179999999
1780, Vilas County, 45.9787939, -89.45591619999999
1781, Vinton County, 39.2875595, -82.5185837
1782, Virginia Beach City, 36.8529263, -75.97798499999999
1783, Volusia County, 29.0279842, -81.0754657
1784, Wabash County, 40.80338750000001, -85.84862360000001
1785, Wabasha County, 44.3020812, -92.2236667
1786, Wabaunsee County, 38.9092089, -96.15269850000001
1787, Wade Hampton Census Area, 62.1458336, -162.8919191
1788, Wadena County, 46.6415934, -94.936044
1789, Wagoner County, 35.91923970000001, -95.51973939999999
1790, Wahkiakum County, 46.3259463, -123.4945593
1791, Wake County, 35.8031909, -78.5660852
1792, Wakulla County, 30.1301689, -84.3542049
1793, Waldo County, 44.5106837, -69.20778949999999
1794, Walker County, 30.6815394, -95.6457951
1795, Walla Walla County, 46.23698419999999, -118.5854769
1796, Wallace County, 38.96971269999999, -101.7979613
1797, Waller County, 29.9751629, -96.02557379999999
1798, Wallowa County, 45.592984, -116.9717994
1799, Walsh County, 48.37778739999999, -97.75288719999999
1800, Walthall County, 31.125165, -90.11206960000001
1801, Walton County, 30.56401989999999, -86.17517590000001
1802, Walworth County, 42.62028339999999, -88.55653099999999
1803, Wapello County, 41.0148894, -92.38136209999999
1804, Ward County, 48.2147451, -101.5805256
1805, Ware County, 31.134411, -82.4752757
1806, Warren County, 43.6078891, -73.7477857
1807, Warrick County, 38.0736703, -87.2618328
1808, Wasatch County, 40.3629418, -110.9983515
1809, Wasco County, 45.06000510000001, -121.2375121
1810, Waseca County, 43.961388, -93.66232389999999
1811, Washakie County, 43.8347829, -107.7037626
1812, Washburn County, 45.9657186, -91.8148946
1813, Washington County, 45.5469616, -123.1386021
1814, Washington Parish, 30.80392599999999, -90.0746767
1815, Washita County, 35.3234027, -98.92453429999999
1816, Washoe County, 40.5608387, -119.6035495
1817, Washtenaw County, 42.3076493, -83.8473015
1818, Watauga County, 36.1941825, -81.73494199999999
1819, Watonwan County, 43.9323091, -94.479976
1820, Waukesha County, 43.0072599, -88.32393090000001
1821, Waupaca County, 44.47059409999999, -89.0179332
1822, Waushara County, 44.1313128, -89.20867729999999
1823, Wayne County, 42.2790746, -83.33618799999999
1824, Waynesboro City, 38.0684692, -78.8894682
1825, Weakley County, 36.3428865, -88.7108964
1826, Webb County, 27.8174487, -99.0128926
1827, Weber County, 41.2602635, -111.9522491
1828, Webster County, 37.34833390000001, -92.8577105
1829, Webster Parish, 32.7641355, -93.33889169999999
1830, Weld County, 40.3920718, -104.7158226
1831, Wells County, 40.77783480000001, -85.1894045
1832, West Baton Rouge Parish, 30.4751202, -91.3276422
1833, West Carroll Parish, 32.7545792, -91.4821482
1834, West Feliciana Parish, 30.8423123, -91.4048249
1835, Westchester County, 41.1220194, -73.7948516
1836, Westmoreland County, 40.2353963, -79.4703885
1837, Weston County, 43.9270224, -104.4723301
1838, Wetzel County, 39.56559779999999, -80.6770787
1839, Wexford County, 44.387157, -85.52002399999999
1840, Wharton County, 29.36909319999999, -96.15269850000001
1841, Whatcom County, 48.8787167, -121.9718657
1842, Wheatland County, 51.0004921, -113.0246454
1843, Wheeler County, 44.6659766, -120.0829624
1844, White County, 34.6567728, -83.7199136
1845, White Pine County, 39.5564495, -114.524264
1846, Whiteside County, 41.7605503, -89.8505012
1847, Whitfield County, 34.80335660000001, -84.981754
1848, Whitley County, 41.1136133, -85.52002399999999
1849, Whitman County, 46.8363403, -117.5887295
1850, Wibaux County, 46.7836649, -104.3183897
1851, Wichita County, 33.9309651, -98.7481167
1852, Wicomico County, 38.3941813, -75.667356
1853, Wilbarger County, 34.0688089, -99.2785583
1854, Wilcox County, 31.9611759, -83.46435509999999
1855, Wilkes County, 36.202858, -81.2518833
1856, Wilkin County, 46.4087398, -96.5018468
1857, Wilkinson County, 32.8024682, -83.1649001
1858, Will County, 41.5054724, -88.0900762
1859, Willacy County, 26.4948223, -97.69822719999999
1860, Williams County, 48.432044, -103.2923954
1861, Williamsburg City, 37.2707022, -76.7074571
1862, Williamsburg County, 33.62936060000001, -79.6502105
1863, Williamson County, 30.7591685, -97.69822719999999
1864, Wilson County, 36.1626241, -86.2970998
1865, Winchester City, 39.1856597, -78.1633341
1866, Windham County, 41.8275622, -72.0468164
1867, Windsor County, 43.4369244, -72.61511689999999
1868, Winkler County, 31.76846, -103.0817903
1869, Winn Parish, 31.91961239999999, -92.6586401
1870, Winnebago County, 42.3121109, -89.1705998
1871, Winneshiek County, 43.23626109999999, -91.9099238
1872, Winona County, 44.00649900000001, -91.7538817
1873, Winston County, 34.1690087, -87.3413599
1874, Wirt County, 39.0436093, -81.38393260000001
1875, Wise County, 33.2895861, -97.69822719999999
1876, Wolfe County, 37.75508689999999, -83.46435509999999
1877, Wood County, 41.34784579999999, -83.67739279999999
1878, Woodbury County, 42.3166158, -95.9832577
1879, Woodford County, 40.7128889, -89.1705998
1880, Woodruff County, 35.12158459999999, -91.13530200000001
1881, Woods County, 36.7181862, -98.7481167
1882, Woodson County, 37.9197853, -95.81428849999999
1883, Woodward County, 36.413792, -99.3673084
1884, Worcester County, 38.1584227, -75.4344727
1885, Worth County, 43.35806859999999, -93.33889169999999
1886, Wrangell Borough, 56.4708333, -132.3766666
1887, Wright County, 45.1538202, -94.01909429999999
1888, Wyandot County, 40.8471492, -83.33618799999999
1889, Wyandotte County, 39.09868110000001, -94.7691586
1890, Wyoming County, 42.64205200000001, -78.2020387
1891, Wythe County, 36.9484414, -81.0848477
1892, Yadkin County, 36.2023597, -80.6770787
1893, Yakima County, 46.543606, -120.7558292
1894, Yakutat Borough, 59.5469878, -139.7272809
1895, Yalobusha County, 33.9768292, -89.6759101
1896, Yamhill County, 45.1771983, -123.2395303
1897, Yancey County, 35.888897, -82.34518899999999
1898, Yankton County, 43.01617900000001, -97.35165579999999
1899, Yates County, 42.64308459999999, -77.1485163
1900, Yavapai County, 34.6463981, -112.4291464
1901, Yazoo County, 32.8078912, -90.37483540000001
1902, Yell County, 35.08108239999999, -93.33889169999999
1903, Yellow Medicine County, 44.73804450000001, -95.8564864
1904, Yellowstone County, 45.78565769999999, -108.4343805
1905, Yoakum County, 33.2114703, -102.8975098
1906, Yolo County, 38.7646021, -121.9017954
1907, York County, 34.9871367, -81.2518833
1908, Young County, 33.22000869999999, -98.7481167
1909, Yuba County, 39.2547027, -121.3998995
1910, Yukon-Koyukuk Census Area, 65.8443667, -153.4302993
1911, Yuma County, 32.6527533, -113.9536466
1912, Zapata County, 26.9730763, -99.1013498
1913, Zavala County, 28.8801264, -99.72326729999999
1914, Ziebach County, 44.8481045, -101.702202
